"","1 run","5 runs","10 runs","25 runs","50 runs","100 runs","250 runs","500 runs","1000 runs"
"0",1,1,1,1,1,1,1,1,1
"1",1,1,1,1,1,1,1,1,1
"2",1,1,1,1,1,1,1,1,1
"3",1,1,1,1,1,1,1,1,1
"4",1,1,1,1,1,1,1,1,1
"5",1,1,1,1,1,1,1,1,1
"6",1,1,1,1,1,1,1,1,1
"7",1,2,1,2,1,1,1,2,2
"8",1,1,1,1,1,1,1,1,1
"9",1,1,1,1,1,1,1,1,1
"10",1,1,1,1,1,1,1,1,1
"11",1,2,1,2,1,1,1,2,2
"12",2,1,2,1,2,2,1,1,1
"13",1,2,1,2,1,1,1,2,2
"14",1,2,1,2,1,1,1,2,2
"15",1,2,1,2,1,1,1,2,2
"16",1,2,1,2,1,1,1,2,2
"17",1,2,1,2,1,1,1,2,2
"18",3,3,3,1,2,3,2,3,3
"19",4,4,4,3,3,4,3,4,4
"20",1,2,1,2,1,1,1,2,2
"21",1,2,1,2,1,1,1,2,2
"22",1,2,1,2,1,1,1,2,2
"23",1,2,1,2,1,1,1,2,2
"24",1,2,1,2,1,1,1,2,2
"25",1,2,1,2,1,1,1,2,2
"26",1,2,1,2,1,1,1,2,2
"27",1,2,1,2,1,1,1,2,2
"28",1,2,1,2,1,1,1,2,2
"29",1,2,1,2,1,1,1,2,2
"30",1,2,1,2,1,1,1,2,2
"31",1,2,1,2,1,1,1,2,2
"32",1,2,1,2,1,1,1,2,2
"33",1,2,1,2,1,1,1,2,2
"34",1,2,1,2,1,1,1,2,2
"35",1,2,1,2,1,1,1,2,2
"36",1,2,1,2,1,1,1,2,2
"37",1,2,1,2,1,1,1,2,2
"38",1,2,1,2,1,1,1,2,2
"39",1,2,1,2,1,1,1,2,2
"40",1,2,1,2,1,1,1,2,2
"41",1,2,1,2,1,1,1,2,2
"42",1,2,1,2,1,1,1,2,2
"43",1,2,1,2,1,1,1,2,2
"44",1,2,1,2,1,1,1,2,2
"45",1,2,1,2,1,1,1,2,2
"46",1,1,1,1,2,2,1,1,1
"47",1,2,1,2,1,1,1,2,2
"48",1,1,1,1,1,1,1,1,1
"49",1,1,1,1,1,1,1,1,1
"50",1,1,1,1,2,2,1,1,1
"51",1,2,1,2,1,1,1,2,2
"52",1,2,1,2,1,1,1,2,2
"53",1,2,1,2,1,1,1,2,2
"54",1,2,1,2,1,1,1,2,2
"55",1,2,1,2,1,1,1,2,2
"56",3,5,3,3,4,3,4,5,3
"57",1,1,1,1,1,1,1,1,1
"58",1,1,1,1,2,2,1,1,1
"59",1,1,1,1,1,1,1,1,1
"60",1,1,1,1,1,1,1,1,1
"61",1,1,1,1,1,1,1,1,1
"62",1,1,1,1,1,1,1,1,1
"63",1,1,1,1,1,1,1,1,1
"64",1,1,1,1,1,1,1,1,1
"65",1,1,1,1,1,1,1,1,1
"66",1,1,1,1,1,1,1,1,1
"67",1,1,1,1,1,1,1,1,1
"68",1,2,1,2,1,1,1,2,2
"69",1,1,1,1,1,1,1,1,1
"70",1,2,1,2,1,1,1,2,2
"71",1,2,1,2,1,1,1,2,2
"72",1,2,1,2,1,1,1,2,2
"73",1,2,1,2,1,1,1,2,2
"74",1,2,1,2,1,1,1,2,2
"75",1,2,1,2,1,1,1,2,2
"76",1,1,1,1,1,1,1,1,1
"77",1,2,1,2,1,1,1,2,2
"78",1,2,1,2,1,1,1,2,2
"79",1,2,1,2,1,1,1,2,2
"80",1,1,1,1,1,1,1,1,1
"81",1,2,1,2,1,1,1,2,2
"82",1,2,1,2,1,1,1,2,2
"83",1,2,1,2,1,1,1,2,2
"84",1,2,1,2,1,1,1,2,2
"85",1,2,1,2,1,1,1,2,2
"86",1,2,1,2,1,1,1,2,2
"87",1,2,1,2,1,1,1,2,2
"88",1,2,1,2,1,1,1,2,2
"89",1,2,1,2,1,1,1,2,2
"90",1,2,1,2,1,1,1,2,2
"91",1,2,1,2,1,1,1,2,2
"92",1,2,1,2,1,1,1,2,2
"93",1,2,1,2,1,1,1,2,2
"94",1,2,1,2,1,1,1,2,2
"95",1,1,1,1,2,2,1,1,1
"96",1,2,1,2,1,1,1,2,2
"97",2,1,2,1,2,2,1,1,1
"98",1,2,1,2,1,1,1,2,2
"99",1,2,1,2,1,1,1,2,2
"100",1,2,1,2,1,1,1,2,2
"101",1,2,1,2,1,1,1,2,2
"102",1,2,1,2,1,1,1,2,2
"103",1,2,1,2,1,1,1,2,2
"104",1,2,1,2,1,1,1,2,2
"105",1,2,1,2,1,1,1,2,2
"106",1,2,1,2,1,1,1,2,2
"107",1,2,1,2,1,1,1,2,2
"108",1,2,1,2,1,1,1,2,2
"109",1,2,1,2,1,1,1,2,2
"110",1,2,1,2,1,1,1,2,2
"111",1,2,1,2,1,1,1,2,2
"112",1,2,1,2,1,1,1,2,2
"113",1,2,1,2,1,1,1,2,2
"114",1,2,1,2,1,1,1,2,2
"115",5,6,5,4,5,5,5,6,5
"116",1,2,1,2,1,1,1,2,2
"117",1,2,1,2,1,1,1,2,2
"118",2,1,2,1,2,2,1,1,1
"119",1,2,1,2,1,1,1,2,2
"120",1,2,1,2,1,1,1,2,2
"121",1,2,1,2,1,1,1,2,2
"122",1,2,1,2,1,1,1,2,2
"123",1,2,1,2,1,1,1,2,2
"124",1,2,1,2,1,1,1,2,2
"125",2,1,2,1,2,2,1,1,1
"126",2,1,2,1,2,2,1,1,1
"127",1,2,1,2,1,1,1,2,2
"128",4,4,4,3,3,4,3,4,4
"129",1,1,1,1,2,2,1,1,1
"130",1,2,1,2,1,1,1,2,2
"131",4,4,4,3,3,4,3,4,4
"132",1,1,1,1,2,2,1,1,1
"133",1,1,1,1,2,2,1,1,1
"134",1,1,1,1,2,2,1,1,1
"135",2,1,2,1,2,2,1,1,1
"136",4,4,4,3,3,4,3,4,4
"137",1,1,1,1,2,2,1,1,1
"138",1,2,1,2,1,1,1,2,2
"139",2,1,2,1,2,2,1,1,1
"140",5,6,5,4,5,5,5,6,5
"141",1,1,1,1,1,1,1,1,1
"142",1,2,1,2,1,1,1,2,2
"143",1,2,1,2,1,1,1,2,2
"144",1,2,1,2,1,1,1,2,2
"145",5,6,5,4,5,5,5,6,5
"146",2,3,2,1,2,2,2,1,1
"147",1,3,1,1,2,2,1,1,1
"148",5,6,5,4,5,5,5,6,5
"149",2,3,2,1,2,2,2,1,1
"150",1,1,1,1,2,2,1,1,1
"151",1,1,1,1,2,2,1,1,1
"152",1,1,1,1,2,2,1,1,1
"153",1,1,1,1,2,2,1,1,1
"154",1,1,1,1,2,2,1,1,1
"155",1,1,1,1,2,2,1,1,1
"156",1,1,1,1,2,2,1,1,1
"157",1,1,1,1,2,2,1,1,1
"158",1,1,1,1,2,2,1,1,1
"159",1,1,1,1,2,2,1,1,1
"160",1,1,1,1,2,2,1,1,1
"161",1,1,1,1,2,2,1,1,1
"162",1,1,1,1,2,2,1,1,1
"163",1,1,1,1,2,2,1,1,1
"164",1,1,1,1,2,2,1,1,1
"165",1,1,1,1,2,2,1,1,1
"166",1,1,1,1,2,2,1,1,1
"167",1,1,1,1,2,2,1,1,1
"168",4,4,4,3,3,4,3,4,4
"169",5,6,5,4,5,5,5,6,5
"170",1,1,1,1,2,2,1,1,1
"171",1,1,1,1,2,2,1,1,1
"172",1,1,1,1,2,2,1,1,1
"173",1,1,1,1,2,2,1,1,1
"174",1,1,1,1,2,2,1,1,1
"175",1,1,1,1,2,2,1,1,1
"176",1,1,1,1,2,2,1,1,1
"177",1,1,1,1,2,2,1,1,1
"178",1,1,1,1,2,2,1,1,1
"179",1,1,1,1,2,2,1,1,1
"180",1,1,1,1,2,2,1,1,1
"181",1,1,1,1,2,2,1,1,1
"182",1,1,1,1,2,2,1,1,1
"183",1,1,1,1,2,2,1,1,1
"184",1,1,1,1,2,2,1,1,1
"185",1,1,1,1,2,2,1,1,1
"186",1,1,1,1,2,2,1,1,1
"187",3,5,3,3,4,3,4,5,3
"188",1,1,1,1,2,2,1,1,1
"189",1,1,1,1,2,2,1,1,1
"190",1,1,1,1,2,2,1,1,1
"191",4,4,4,3,3,4,3,4,4
"192",1,1,1,1,2,2,1,1,1
"193",4,4,4,3,3,4,3,4,4
"194",4,4,4,3,3,4,3,4,4
"195",1,1,1,1,2,2,1,1,1
"196",4,4,4,3,3,4,3,4,4
"197",1,1,1,1,1,1,1,1,1
"198",1,1,1,1,2,2,1,1,1
"199",1,3,1,1,2,2,1,1,1
"200",1,1,1,1,1,1,1,1,1
"201",1,1,1,1,1,1,1,1,1
"202",1,1,1,1,1,1,1,1,1
"203",2,3,1,1,2,2,1,1,1
"204",1,1,1,1,1,1,1,1,1
"205",1,1,1,1,1,1,1,1,1
"206",1,1,1,1,1,1,1,1,1
"207",1,1,1,1,1,1,1,1,1
"208",1,1,1,1,1,1,1,1,1
"209",1,1,1,1,1,1,1,1,1
"210",1,1,1,1,1,1,1,1,1
"211",1,1,1,1,1,1,1,1,1
"212",1,1,1,1,1,1,1,1,1
"213",1,1,1,1,1,1,1,1,1
"214",1,1,1,1,1,1,1,1,1
"215",4,4,4,3,3,4,3,4,4
"216",4,4,4,3,3,4,3,4,4
"217",6,5,3,5,4,3,4,5,6
"218",1,2,1,2,1,1,1,2,2
"219",1,2,1,2,1,1,1,2,2
"220",1,2,1,2,1,1,1,2,2
"221",1,1,1,1,1,1,1,1,1
"222",1,2,1,2,1,1,1,2,2
"223",1,2,1,2,1,1,1,2,2
"224",1,2,1,2,1,1,1,2,2
"225",1,1,1,1,1,1,1,1,1
"226",6,5,3,5,4,6,4,5,6
"227",1,1,1,1,1,1,1,1,1
"228",1,1,1,1,1,1,1,1,1
"229",1,1,1,1,1,1,1,1,1
"230",1,1,1,1,1,1,1,1,1
"231",7,7,6,6,6,7,6,7,7
"232",1,1,1,1,1,1,1,1,1
"233",2,1,2,1,2,2,1,1,1
"234",2,1,2,1,2,2,1,1,1
"235",1,2,1,2,1,1,1,2,2
"236",1,2,1,2,1,1,1,2,2
"237",1,2,1,2,1,1,1,2,2
"238",2,3,2,1,2,2,2,1,1
"239",1,2,1,2,1,1,1,2,2
"240",1,2,1,2,1,1,1,2,2
"241",1,2,1,2,1,1,1,2,2
"242",1,2,1,2,1,1,1,2,2
"243",1,1,1,1,2,2,1,1,1
"244",1,2,1,2,1,1,1,2,2
"245",2,3,2,1,2,2,2,1,1
"246",1,2,1,2,1,1,1,2,2
"247",2,3,2,1,2,2,2,1,1
"248",1,2,1,2,1,1,1,2,2
"249",3,5,3,3,4,3,4,3,3
"250",1,2,1,2,1,1,1,2,2
"251",1,2,1,2,1,1,1,2,2
"252",2,3,1,1,2,2,1,1,1
"253",1,1,1,1,2,2,1,1,1
"254",2,3,2,1,2,2,2,1,1
"255",1,1,1,1,2,2,1,1,1
"256",1,1,1,1,2,2,1,1,1
"257",2,3,2,1,2,2,2,1,1
"258",4,4,4,3,3,4,3,4,4
"259",1,1,1,1,2,2,1,1,1
"260",2,3,2,1,2,2,2,1,1
"261",6,5,3,5,4,6,4,5,6
"262",2,1,2,1,2,2,1,1,1
"263",2,1,2,1,2,2,1,1,1
"264",1,2,1,2,1,1,1,2,2
"265",2,3,2,1,2,2,2,1,1
"266",1,1,1,1,2,2,1,1,1
"267",1,2,1,2,1,1,1,2,2
"268",1,1,1,1,1,1,1,1,1
"269",1,2,1,2,1,1,1,2,2
"270",1,1,1,1,2,2,1,1,1
"271",2,1,2,1,2,2,1,1,1
"272",6,5,3,5,4,3,4,5,6
"273",1,1,1,1,2,2,1,1,1
"274",1,2,1,2,1,1,1,2,2
"275",1,1,1,1,1,1,1,1,1
"276",3,3,3,1,2,3,2,3,3
"277",3,5,3,3,4,3,4,3,3
"278",1,2,1,2,1,1,1,2,2
"279",2,1,2,1,2,2,1,1,1
"280",1,1,1,1,2,2,1,1,1
"281",1,2,1,2,1,1,1,2,2
"282",1,2,1,2,1,1,1,2,2
"283",2,1,2,1,2,2,1,1,1
"284",1,2,1,2,1,1,1,2,2
"285",1,2,1,2,1,1,1,2,2
"286",1,1,1,1,2,2,1,1,1
"287",1,2,1,2,1,1,1,2,2
"288",1,2,1,2,1,1,1,2,2
"289",1,2,1,2,1,1,1,2,2
"290",2,3,2,1,2,2,2,1,1
"291",2,3,2,1,2,2,2,1,1
"292",2,3,2,1,2,2,2,1,1
"293",2,3,2,1,2,2,2,1,1
"294",2,3,2,1,2,2,2,1,1
"295",2,3,2,1,2,2,2,1,1
"296",2,3,2,1,2,2,2,1,1
"297",2,3,2,1,2,2,2,1,1
"298",2,3,2,1,2,2,2,1,1
"299",5,6,5,4,5,5,5,6,5
"300",2,3,2,1,2,2,2,1,1
"301",2,3,2,1,2,2,2,1,1
"302",2,3,2,1,2,2,2,1,1
"303",2,3,2,1,2,2,2,1,1
"304",2,3,2,1,2,2,2,1,1
"305",2,3,2,1,2,2,2,1,1
"306",2,3,2,1,2,2,2,1,1
"307",2,3,2,1,2,2,2,1,1
"308",2,3,2,1,2,2,2,1,1
"309",2,3,2,1,2,2,2,1,1
"310",5,6,5,4,5,5,5,6,5
"311",2,3,2,1,2,2,2,1,1
"312",2,3,2,1,2,2,2,1,1
"313",2,3,2,1,2,2,2,1,1
"314",2,3,2,1,2,2,2,1,1
"315",2,3,2,1,2,2,2,1,1
"316",2,3,2,1,2,2,2,1,1
"317",2,3,2,1,2,2,2,1,1
"318",2,3,2,1,2,2,2,1,1
"319",2,3,2,1,2,2,2,1,1
"320",2,3,2,1,2,2,2,1,1
"321",5,8,7,7,7,8,7,8,8
"322",2,3,2,1,2,2,2,1,1
"323",2,3,2,1,2,2,2,1,1
"324",2,3,2,1,2,2,2,1,1
"325",2,3,2,1,2,2,2,1,1
"326",2,3,2,1,2,2,2,1,1
"327",2,3,2,1,2,2,2,1,1
"328",2,3,2,1,2,2,2,1,1
"329",2,3,2,1,2,2,2,1,1
"330",2,3,2,1,2,2,2,1,1
"331",2,3,2,1,2,2,2,1,1
"332",2,3,2,1,2,2,2,1,1
"333",2,3,2,1,2,2,2,1,1
"334",2,3,2,1,2,2,2,1,1
"335",2,3,2,1,2,2,2,1,1
"336",2,3,2,1,2,2,2,1,1
"337",2,3,2,1,2,2,2,1,1
"338",2,3,2,1,2,2,2,1,1
"339",2,3,2,1,2,2,2,1,1
"340",2,3,2,1,2,2,2,1,1
"341",2,3,2,1,2,2,2,1,1
"342",2,3,2,1,2,2,2,1,1
"343",5,6,5,4,5,5,5,6,5
"344",2,3,2,1,2,2,2,1,1
"345",2,3,2,1,2,2,2,1,1
"346",2,3,2,1,2,2,2,1,1
"347",5,9,8,4,5,5,7,6,5
"348",2,3,2,1,2,2,2,1,1
"349",2,3,2,1,2,2,2,1,1
"350",2,3,2,1,2,2,2,1,1
"351",2,3,2,1,2,2,2,1,1
"352",2,3,2,1,2,2,2,1,1
"353",2,3,2,1,2,2,2,1,1
"354",2,3,2,1,2,2,2,1,1
"355",2,3,2,1,2,2,2,1,1
"356",2,3,2,1,2,2,2,1,1
"357",4,4,2,3,2,2,2,4,3
"358",2,3,2,1,2,2,2,1,1
"359",2,3,2,1,2,2,2,1,1
"360",2,3,2,1,2,2,2,1,1
"361",2,3,1,1,2,2,2,1,1
"362",2,3,2,1,2,2,2,1,1
"363",2,3,2,1,2,2,2,1,1
"364",2,3,2,1,2,2,2,1,1
"365",2,3,2,1,2,2,2,1,1
"366",2,3,2,1,2,2,2,1,1
"367",2,3,2,1,2,2,2,1,1
"368",2,3,2,1,2,2,2,1,1
"369",2,3,2,1,2,2,2,1,1
"370",2,3,2,1,2,2,2,1,1
"371",5,6,5,4,5,5,5,6,5
"372",2,3,1,1,2,2,2,1,1
"373",2,3,2,1,2,2,2,1,1
"374",5,6,5,4,5,5,5,6,5
"375",2,3,2,1,2,2,2,1,1
"376",2,3,2,1,2,2,2,1,1
"377",2,3,2,1,2,2,2,1,1
"378",2,3,2,1,2,2,2,1,1
"379",5,9,8,4,5,5,7,6,5
"380",2,3,2,1,2,2,2,1,1
"381",2,3,2,1,2,2,2,1,1
"382",2,3,2,1,2,2,2,1,1
"383",2,3,2,1,2,2,2,1,1
"384",2,3,2,1,2,2,2,1,1
"385",2,3,2,1,2,2,2,1,1
"386",5,6,5,4,5,5,5,6,5
"387",2,3,2,1,2,2,2,1,1
"388",2,3,2,1,2,2,2,1,1
"389",2,3,1,1,2,2,2,1,1
"390",2,3,2,1,2,2,2,1,1
"391",2,3,2,1,2,2,2,1,1
"392",2,3,2,1,2,2,2,1,1
"393",5,6,5,4,5,5,5,6,5
"394",2,3,2,1,2,2,2,1,1
"395",2,3,2,1,2,2,2,1,1
"396",2,3,2,1,2,2,2,1,1
"397",2,3,2,1,2,2,2,1,1
"398",2,3,2,1,2,2,2,1,1
"399",2,3,2,1,2,2,2,1,1
"400",2,3,2,1,2,2,2,1,1
"401",2,3,2,1,2,2,2,1,1
"402",2,3,2,1,2,2,2,1,1
"403",2,3,2,1,2,2,2,1,1
"404",2,3,2,1,2,2,2,1,1
"405",2,3,1,1,2,2,2,1,1
"406",2,3,2,1,2,2,2,1,1
"407",2,3,1,1,2,2,2,1,1
"408",2,3,2,1,2,2,2,1,1
"409",2,3,2,1,2,2,2,1,1
"410",2,3,2,1,2,2,2,1,1
"411",2,3,2,1,2,2,2,1,1
"412",2,3,1,1,2,2,2,1,1
"413",2,3,1,1,2,2,2,1,1
"414",2,3,2,1,2,2,2,1,1
"415",2,3,2,1,2,2,2,1,1
"416",5,6,5,4,5,5,5,6,5
"417",2,3,2,1,2,2,2,1,1
"418",2,3,2,1,2,2,2,1,1
"419",2,3,2,1,2,2,2,1,1
"420",2,3,2,1,2,2,2,1,1
"421",2,3,1,1,2,2,2,1,1
"422",2,3,2,1,2,2,2,1,1
"423",2,3,2,1,2,2,2,1,1
"424",2,3,2,1,2,2,2,1,1
"425",2,3,1,1,2,2,2,1,1
"426",2,3,2,1,2,2,2,1,1
"427",2,3,2,1,2,2,2,1,1
"428",2,3,1,1,2,2,2,1,1
"429",2,3,2,1,2,2,2,1,1
"430",2,3,2,1,2,2,2,1,1
"431",6,6,5,4,5,5,8,6,5
"432",5,9,7,7,7,8,7,9,9
"433",2,3,2,1,2,2,2,1,1
"434",2,3,2,1,2,2,2,1,1
"435",2,3,2,1,2,2,2,1,1
"436",2,3,2,1,2,2,2,1,1
"437",2,3,1,1,2,2,2,1,1
"438",6,5,3,5,4,6,4,5,6
"439",2,3,2,1,2,2,2,1,1
"440",2,3,2,1,2,2,2,1,1
"441",2,3,1,1,2,2,2,1,1
"442",3,3,2,1,2,2,2,1,1
"443",2,3,2,1,2,2,2,1,1
"444",2,3,2,1,2,2,2,1,1
"445",2,3,2,1,2,2,2,1,1
"446",2,3,2,1,2,2,2,1,1
"447",2,3,2,1,2,2,2,1,1
"448",2,3,2,1,2,2,2,1,1
"449",2,3,2,1,2,2,2,1,1
"450",2,3,2,1,2,2,2,1,1
"451",2,3,1,1,2,2,2,1,1
"452",2,3,1,1,2,2,2,1,1
"453",2,3,2,1,2,2,2,1,1
"454",2,3,2,1,2,2,2,1,1
"455",2,3,2,1,2,2,2,1,1
"456",2,3,1,1,2,2,2,1,1
"457",2,3,2,1,2,2,2,1,1
"458",2,3,2,1,2,2,2,1,1
"459",2,3,1,1,2,2,2,1,1
"460",2,3,2,1,2,2,2,1,1
"461",2,3,2,1,2,2,2,1,1
"462",2,3,2,1,2,2,2,1,1
"463",2,3,2,1,2,2,2,1,1
"464",2,3,2,1,2,2,2,1,1
"465",2,3,2,1,2,2,2,1,1
"466",2,3,2,1,2,2,2,1,1
"467",2,3,2,1,2,2,2,1,1
"468",4,4,4,3,3,4,3,4,4
"469",4,4,4,3,3,4,3,4,4
"470",4,4,4,3,3,4,3,4,4
"471",4,4,4,3,3,4,3,4,4
"472",4,4,4,3,3,4,3,4,4
"473",4,4,4,3,3,4,3,4,4
"474",4,4,4,3,3,4,3,4,4
"475",4,4,4,3,3,3,3,4,3
"476",2,3,2,1,2,2,2,1,1
"477",2,3,2,1,2,2,2,1,1
"478",2,3,2,1,2,2,2,1,1
"479",4,4,4,3,3,4,3,4,4
"480",4,4,4,3,3,4,3,4,4
"481",4,4,4,3,3,4,3,4,4
"482",4,4,4,3,3,4,3,4,4
"483",4,4,4,3,3,4,3,4,4
"484",4,4,4,3,3,4,3,4,4
"485",2,3,2,1,2,2,2,1,1
"486",4,4,4,3,3,4,3,4,4
"487",4,4,4,3,3,4,3,4,4
"488",4,4,4,3,3,4,3,4,4
"489",4,4,4,3,3,4,3,4,4
"490",4,4,4,3,3,4,3,4,4
"491",6,5,3,5,4,3,4,5,6
"492",4,4,4,3,3,4,3,4,4
"493",2,3,2,1,2,2,2,1,1
"494",5,6,5,4,5,5,5,6,5
"495",2,3,2,1,2,2,2,1,1
"496",2,3,2,1,2,2,2,1,1
"497",2,3,2,1,2,2,2,1,1
"498",2,3,2,1,2,2,2,1,1
"499",2,3,2,1,2,2,2,1,1
"500",2,3,2,1,2,2,2,1,1
"501",2,3,2,1,2,2,2,1,1
"502",2,3,2,1,2,2,2,1,1
"503",2,3,2,1,2,2,2,1,1
"504",2,3,2,1,2,2,2,1,1
"505",2,3,2,1,2,2,2,1,1
"506",2,3,2,1,2,2,2,1,1
"507",2,3,2,1,2,2,2,1,1
"508",2,3,2,1,2,2,2,1,1
"509",2,3,2,1,2,2,2,1,1
"510",2,3,2,1,2,2,2,1,1
"511",5,8,7,7,7,8,7,9,9
"512",2,3,2,1,2,2,2,1,1
"513",5,6,5,4,5,5,5,6,5
"514",6,6,8,8,8,5,8,6,5
"515",2,3,2,1,2,2,2,1,1
"516",2,3,2,1,2,2,2,1,1
"517",2,3,2,1,2,2,2,1,1
"518",2,3,2,1,2,2,2,1,1
"519",2,3,2,1,2,2,2,1,1
"520",2,3,2,1,2,2,2,1,1
"521",2,3,2,1,2,2,2,1,1
"522",8,9,8,4,5,5,8,6,5
"523",2,3,2,1,2,2,2,1,1
"524",2,3,2,1,2,2,2,1,1
"525",2,3,2,1,2,2,2,1,1
"526",4,4,4,3,3,3,3,4,4
"527",2,3,2,1,2,2,2,1,1
"528",2,3,2,1,2,2,2,1,1
"529",2,3,2,1,2,2,2,1,1
"530",2,3,2,1,2,2,2,1,1
"531",2,3,2,1,2,2,2,1,1
"532",2,3,2,1,2,2,2,1,1
"533",2,3,2,1,2,2,2,1,1
"534",2,3,2,1,2,2,2,1,1
"535",2,3,2,1,2,2,2,1,1
"536",2,3,2,1,2,2,2,1,1
"537",2,3,1,1,2,2,2,1,1
"538",2,3,2,1,2,2,2,1,1
"539",2,3,2,1,2,2,2,1,1
"540",8,9,8,4,5,5,8,6,5
"541",2,3,2,1,2,2,2,1,1
"542",2,3,2,1,2,2,2,1,1
"543",2,3,2,1,2,2,2,1,1
"544",2,3,2,1,2,2,2,1,1
"545",4,4,4,3,3,4,3,4,4
"546",2,3,1,1,2,2,1,1,1
"547",2,3,1,1,2,2,2,1,1
"548",2,3,2,1,2,2,2,1,1
"549",2,3,1,1,2,2,2,1,1
"550",4,4,4,3,3,4,3,4,4
"551",4,4,4,3,3,4,3,4,4
"552",2,3,2,1,2,2,2,1,1
"553",2,3,2,1,2,2,2,1,1
"554",5,6,5,4,5,5,5,6,5
"555",4,4,4,3,3,4,3,4,4
"556",4,4,4,3,3,4,3,4,4
"557",4,4,4,3,3,4,3,4,4
"558",2,3,1,1,2,2,2,1,1
"559",5,6,5,4,5,5,5,6,5
"560",2,3,2,1,2,2,2,1,1
"561",5,6,5,4,5,5,5,6,5
"562",2,3,1,1,2,2,2,1,1
"563",8,9,8,4,5,5,8,6,5
"564",2,3,2,1,2,2,2,1,1
"565",2,3,2,1,2,2,2,1,1
"566",5,6,5,4,5,5,5,6,5
"567",5,6,5,4,5,5,5,6,5
"568",2,3,1,1,2,2,2,1,1
"569",2,3,2,1,2,2,2,1,1
"570",2,3,1,1,2,2,1,1,1
"571",2,3,1,1,2,2,1,1,1
"572",2,3,2,1,2,2,2,1,1
"573",2,3,2,1,2,2,2,1,1
"574",5,6,5,4,5,5,5,6,5
"575",2,3,1,1,2,2,2,1,1
"576",2,3,2,1,2,2,2,1,1
"577",2,3,1,1,2,2,2,1,1
"578",2,3,3,3,4,3,2,3,3
"579",2,3,2,1,2,2,2,1,1
"580",5,6,5,4,5,5,5,6,5
"581",2,3,2,1,2,2,2,1,1
"582",2,3,2,1,2,2,2,1,1
"583",2,3,1,1,2,2,2,1,1
"584",2,3,1,1,2,2,2,1,1
"585",2,3,2,1,2,2,2,1,1
"586",2,3,2,1,2,2,2,1,1
"587",2,3,2,1,2,2,2,1,1
"588",2,3,2,1,2,2,2,1,1
"589",2,3,2,1,2,2,2,1,1
"590",2,3,1,1,2,2,2,1,1
"591",2,3,2,1,2,2,2,1,1
"592",2,3,2,1,2,2,2,1,1
"593",2,3,2,1,2,2,2,1,1
"594",2,3,2,1,2,2,2,1,1
"595",2,3,2,1,2,2,2,1,1
"596",2,3,2,1,2,2,2,1,1
"597",2,3,2,1,2,2,2,1,1
"598",2,3,2,1,2,2,2,1,1
"599",5,6,5,4,5,5,5,6,5
"600",2,3,2,1,2,2,2,1,1
"601",2,3,1,1,2,2,2,1,1
"602",4,4,4,3,3,3,3,4,3
"603",2,3,2,1,2,2,2,1,1
"604",2,3,2,1,2,2,2,1,1
"605",2,3,2,1,2,2,2,1,1
"606",2,3,2,1,2,2,2,1,1
"607",2,3,2,1,2,2,2,1,1
"608",2,3,2,1,2,2,2,1,1
"609",2,3,2,1,2,2,2,1,1
"610",2,3,2,1,2,2,2,1,1
"611",2,3,2,1,2,2,2,1,1
"612",8,9,8,4,5,5,8,6,5
"613",2,3,2,1,2,2,2,1,1
"614",2,3,2,1,2,2,2,1,1
"615",2,3,1,1,2,2,2,1,1
"616",2,3,2,1,2,2,2,1,1
"617",2,3,1,1,2,2,2,1,1
"618",2,3,2,1,2,2,2,1,1
"619",2,3,1,1,2,2,2,1,1
"620",2,3,2,1,2,2,2,1,1
"621",2,3,2,1,2,2,2,1,1
"622",2,3,2,1,2,2,2,1,1
"623",2,3,2,1,2,2,2,1,1
"624",2,3,2,1,2,2,2,1,1
"625",2,3,2,1,2,2,2,1,1
"626",2,3,2,1,2,2,2,1,1
"627",5,6,5,4,5,5,5,6,5
"628",2,3,2,1,2,2,2,1,1
"629",2,3,2,1,2,2,2,1,1
"630",2,3,2,1,2,2,2,1,1
"631",2,3,1,1,2,2,2,1,1
"632",2,3,1,1,2,2,2,1,1
"633",2,3,2,1,2,2,2,1,1
"634",2,3,2,1,2,2,2,1,1
"635",2,3,2,1,2,2,2,1,1
"636",2,3,2,1,2,2,2,1,1
"637",2,3,2,1,2,2,2,1,1
"638",4,4,4,3,3,4,3,4,4
"639",2,3,2,1,2,2,2,1,1
"640",3,5,3,3,4,3,4,5,3
"641",2,3,2,1,2,2,2,1,1
"642",2,3,2,1,2,2,2,1,1
"643",2,3,2,1,2,2,2,1,1
"644",2,3,2,1,2,2,2,1,1
"645",2,3,2,1,2,2,2,1,1
"646",2,3,2,1,2,2,2,1,1
"647",2,3,2,1,2,2,2,1,1
"648",2,3,2,1,2,2,2,1,1
"649",2,3,2,1,2,2,2,1,1
"650",2,3,2,1,2,2,2,1,1
"651",2,3,1,1,2,2,2,1,1
"652",2,3,2,1,2,2,2,1,1
"653",2,3,1,1,2,2,2,1,1
"654",2,3,2,1,2,2,2,1,1
"655",2,3,1,1,2,2,2,1,1
"656",2,3,2,1,2,2,2,1,1
"657",2,3,2,1,2,2,2,1,1
"658",5,6,5,4,5,5,5,6,5
"659",5,6,5,4,5,5,5,6,5
"660",2,3,1,1,2,2,2,1,1
"661",2,3,2,1,2,2,2,1,1
"662",2,3,2,1,2,2,2,1,1
"663",2,3,2,1,2,2,2,1,1
"664",2,3,1,1,2,2,2,1,1
"665",2,3,2,1,2,2,2,1,1
"666",2,3,2,1,2,2,2,1,1
"667",2,3,1,1,2,2,2,1,1
"668",2,3,1,1,2,2,2,1,1
"669",2,3,2,1,2,2,2,1,1
"670",2,3,2,1,2,2,2,1,1
"671",2,3,2,1,2,2,2,1,1
"672",2,3,2,1,2,2,2,1,1
"673",2,3,2,1,2,2,2,1,1
"674",4,4,4,3,3,4,3,4,4
"675",2,3,1,1,2,2,2,1,1
"676",2,3,2,1,2,2,2,1,1
"677",2,3,2,1,2,2,2,1,1
"678",2,3,2,1,2,2,2,1,1
"679",2,1,1,1,2,2,1,1,1
"680",3,5,3,3,4,3,4,5,3
"681",3,5,3,3,4,3,4,3,3
"682",4,4,4,3,3,4,3,4,4
"683",3,5,3,3,4,3,4,5,3
"684",3,5,3,3,4,3,4,5,3
"685",4,4,4,3,3,4,3,3,4
"686",2,3,2,1,2,2,2,1,1
"687",3,5,3,3,4,3,4,5,3
"688",3,5,3,3,4,3,4,3,3
"689",3,5,3,3,4,3,4,5,3
"690",6,5,3,3,4,3,4,5,3
"691",6,5,3,5,4,6,4,5,6
"692",6,5,3,5,4,6,4,5,6
"693",3,5,3,3,4,3,4,3,3
"694",3,5,3,3,4,3,4,5,3
"695",3,5,3,3,4,3,4,5,3
"696",3,5,3,3,4,3,4,3,3
"697",3,5,3,3,4,3,4,3,3
"698",6,5,3,5,4,6,4,5,6
"699",6,5,3,5,4,6,4,5,6
"700",3,5,3,3,4,3,4,5,3
"701",6,5,3,5,4,6,4,5,6
"702",3,5,3,5,4,3,4,5,6
"703",6,6,8,8,8,5,8,6,5
"704",5,9,8,4,5,5,7,6,5
"705",3,5,3,3,4,3,4,5,3
"706",3,5,3,3,4,3,4,5,3
"707",5,6,5,4,5,5,5,6,5
"708",3,5,3,3,4,3,4,3,3
"709",4,4,4,3,3,4,3,4,4
"710",2,3,2,1,2,2,2,1,1
"711",2,3,2,1,2,2,2,1,1
"712",2,3,2,1,2,2,2,1,1
"713",4,4,4,3,3,4,3,4,4
"714",6,5,3,5,4,3,4,5,6
"715",3,5,3,3,4,3,4,5,3
"716",6,5,3,5,4,6,4,5,6
"717",3,5,3,3,4,3,4,5,3
"718",3,5,3,3,4,3,4,5,3
"719",3,5,3,3,4,3,4,5,3
"720",2,3,2,1,2,2,2,1,1
"721",3,5,3,3,4,3,4,5,3
"722",2,3,2,1,2,2,2,1,1
"723",6,5,3,5,4,6,4,5,6
"724",6,5,3,5,4,3,4,5,6
"725",2,3,2,1,2,2,2,1,1
"726",3,5,3,3,4,3,4,5,3
"727",6,5,3,5,4,3,4,5,6
"728",2,3,2,1,2,2,2,1,1
"729",2,3,2,1,2,2,2,1,1
"730",3,5,3,5,4,6,4,5,6
"731",2,3,2,1,2,2,2,1,1
"732",2,3,2,1,2,2,2,1,1
"733",2,3,2,1,2,2,2,1,1
"734",2,3,2,1,2,2,2,1,1
"735",3,5,3,3,4,3,4,5,3
"736",2,3,2,1,2,2,2,1,1
"737",2,3,2,1,2,2,2,1,1
"738",2,3,2,1,2,2,2,1,1
"739",3,5,3,3,4,3,4,5,3
"740",2,3,2,1,2,2,2,1,1
"741",2,3,2,1,2,2,2,1,1
"742",2,3,2,1,2,2,2,1,1
"743",2,3,2,1,2,2,2,1,1
"744",2,3,2,1,2,2,2,1,1
"745",2,3,2,1,2,2,2,1,1
"746",6,5,3,5,4,6,4,5,6
"747",6,5,3,5,4,6,4,5,6
"748",6,5,3,5,4,6,4,5,6
"749",3,5,3,3,4,3,4,5,3
"750",6,5,3,5,4,6,4,5,6
"751",6,5,3,5,4,6,4,5,6
"752",6,5,3,5,4,6,4,5,6
"753",6,6,8,8,8,5,8,6,5
"754",6,5,3,5,4,6,4,5,6
"755",6,5,3,5,4,6,4,5,6
"756",3,5,3,3,4,3,4,5,3
"757",6,5,3,5,4,3,4,5,6
"758",6,5,3,5,4,6,4,5,6
"759",5,6,5,4,5,5,5,6,5
"760",6,5,3,5,4,6,4,5,6
"761",6,5,3,5,4,6,4,5,6
"762",6,5,3,5,4,6,4,5,6
"763",6,5,3,5,4,6,4,5,6
"764",6,5,3,5,4,6,4,5,6
"765",6,5,3,5,4,6,4,5,6
"766",6,5,3,5,4,6,4,5,6
"767",6,5,3,5,4,6,4,5,6
"768",6,5,3,5,4,6,4,5,6
"769",6,5,3,3,4,3,4,5,3
"770",6,5,3,5,4,6,4,5,6
"771",3,4,4,3,3,4,3,3,3
"772",6,5,3,5,4,6,4,5,6
"773",2,3,2,1,2,2,2,1,1
"774",6,5,3,5,4,6,4,5,6
"775",5,6,7,4,7,5,7,6,5
"776",6,5,3,5,4,6,4,5,6
"777",6,5,3,5,4,6,4,5,6
"778",3,4,4,3,3,3,3,4,3
"779",6,5,3,5,4,6,4,5,6
"780",6,5,3,5,4,6,4,5,6
"781",3,5,3,3,4,3,4,5,3
"782",6,5,3,5,4,6,4,5,6
"783",6,5,3,5,4,6,4,5,6
"784",6,5,3,5,4,6,4,5,6
"785",6,5,3,5,4,6,4,5,6
"786",6,5,3,5,4,6,4,5,6
"787",6,5,3,5,4,6,4,5,6
"788",5,6,5,4,7,5,7,6,5
"789",6,5,3,5,4,6,4,5,6
"790",6,5,3,5,4,6,4,5,6
"791",6,5,3,5,4,6,4,5,6
"792",6,6,8,8,8,5,8,6,5
"793",6,5,3,5,4,3,4,5,6
"794",3,3,3,1,2,3,2,3,3
"795",3,5,3,3,4,3,4,5,3
"796",3,5,3,3,4,3,4,5,3
"797",3,5,3,3,4,3,4,5,3
"798",3,5,3,3,4,3,4,5,3
"799",4,4,3,5,4,3,4,5,6
"800",6,5,3,5,4,6,4,5,6
"801",6,6,8,8,8,5,8,6,5
"802",6,5,3,5,4,6,4,5,6
"803",6,5,3,5,4,6,4,5,6
"804",6,5,3,5,4,6,4,5,6
"805",6,5,3,5,4,3,4,5,6
"806",3,5,3,3,4,3,4,5,3
"807",6,5,3,5,4,6,4,5,6
"808",4,4,4,3,3,3,3,4,4
"809",3,5,3,3,4,3,4,5,3
"810",3,5,3,3,4,3,4,5,3
"811",3,5,3,3,4,3,4,5,3
"812",6,5,3,5,4,6,4,5,6
"813",3,5,3,3,4,3,4,5,3
"814",6,5,3,5,4,6,4,5,6
"815",3,3,3,1,2,3,2,3,3
"816",3,5,3,3,4,3,4,5,3
"817",6,5,3,5,4,6,4,5,6
"818",6,5,3,5,4,6,4,5,6
"819",6,5,3,5,4,6,4,5,6
"820",6,5,3,5,4,6,4,5,6
"821",5,6,5,4,7,5,7,6,5
"822",6,5,3,5,4,6,4,5,6
"823",6,5,3,5,4,6,4,5,6
"824",6,5,3,5,4,6,4,5,6
"825",6,5,3,5,4,6,4,5,6
"826",3,5,3,3,4,3,4,5,3
"827",6,5,3,5,4,6,4,5,6
"828",6,5,3,5,4,6,4,5,6
"829",6,5,3,5,4,6,4,5,6
"830",6,5,3,5,4,6,4,5,6
"831",6,5,3,5,4,6,4,5,6
"832",6,5,3,5,4,6,4,5,6
"833",6,5,3,5,4,6,4,5,6
"834",3,5,3,3,4,3,4,5,3
"835",6,6,8,8,8,5,8,6,5
"836",6,5,3,5,4,6,4,5,6
"837",6,5,3,5,4,6,4,5,6
"838",6,5,3,5,4,6,4,5,6
"839",6,5,3,5,4,6,4,5,6
"840",6,5,3,5,4,6,4,5,6
"841",6,5,3,5,4,6,4,5,6
"842",6,5,3,5,4,6,4,5,6
"843",6,5,3,5,4,6,4,5,6
"844",5,6,5,4,5,5,5,6,5
"845",6,5,3,5,4,6,4,5,6
"846",6,5,3,5,4,6,4,5,6
"847",6,5,3,3,4,6,4,5,6
"848",3,5,3,3,4,3,4,3,3
"849",6,5,3,5,4,6,4,5,6
"850",3,3,3,1,2,3,2,3,3
"851",6,5,3,5,4,6,4,5,6
"852",6,5,3,5,4,6,4,5,6
"853",6,6,8,8,8,5,8,6,5
"854",3,5,3,3,4,3,4,5,3
"855",6,5,3,5,4,6,4,5,6
"856",6,5,3,3,4,3,4,5,3
"857",3,5,3,3,4,3,4,5,3
"858",6,5,3,5,4,6,4,5,6
"859",3,5,3,3,4,3,4,5,3
"860",6,5,3,5,4,6,4,5,6
"861",6,5,3,5,4,6,4,5,6
"862",6,5,3,5,4,6,4,5,6
"863",3,5,3,3,4,3,4,5,3
"864",6,5,3,5,4,6,4,5,6
"865",6,5,3,5,4,6,4,5,6
"866",6,5,3,5,4,6,4,5,6
"867",6,5,3,5,4,6,4,5,6
"868",6,5,3,5,4,6,4,5,6
"869",6,5,3,5,4,6,4,5,6
"870",6,5,3,5,4,6,4,5,6
"871",6,5,3,5,4,6,4,5,6
"872",6,5,3,5,4,6,4,5,6
"873",6,5,3,5,4,6,4,5,6
"874",6,5,3,5,4,6,4,5,6
"875",3,5,3,3,4,3,4,3,3
"876",4,4,4,3,3,4,3,4,4
"877",3,5,3,3,4,3,4,3,3
"878",3,5,3,3,4,3,4,3,3
"879",3,4,4,3,3,4,3,3,3
"880",4,4,4,3,3,4,3,4,4
"881",4,4,4,3,3,4,3,4,4
"882",4,4,4,3,3,4,3,4,4
"883",4,4,4,3,3,4,3,4,4
"884",3,5,3,3,4,3,4,3,3
"885",3,4,4,3,3,4,3,3,3
"886",4,4,4,3,3,4,3,4,4
"887",4,4,4,3,3,3,3,4,4
"888",3,4,4,3,3,4,3,3,4
"889",3,5,3,3,4,3,4,5,3
"890",4,4,4,3,3,4,3,4,4
"891",3,5,3,3,4,3,4,3,3
"892",3,5,3,3,4,3,4,3,3
"893",3,5,3,3,4,3,4,3,3
"894",5,6,5,4,5,5,5,6,5
"895",3,5,3,3,4,3,4,5,3
"896",3,5,3,3,4,3,2,3,3
"897",3,5,3,3,4,3,4,3,3
"898",3,5,3,3,4,3,4,5,3
"899",3,5,3,3,4,3,4,3,3
"900",3,5,3,3,4,3,4,3,3
"901",3,5,3,3,4,3,4,5,3
"902",3,5,3,3,4,3,4,3,3
"903",3,5,3,3,4,3,4,3,3
"904",3,5,3,3,4,3,4,5,3
"905",3,5,3,3,4,3,4,3,3
"906",3,5,3,3,4,3,4,3,3
"907",3,5,3,3,4,3,4,5,3
"908",3,5,3,3,4,3,4,3,3
"909",3,5,3,3,4,3,4,3,3
"910",3,5,3,3,4,3,4,3,3
"911",3,5,3,3,4,3,4,5,3
"912",3,5,3,3,4,3,4,3,3
"913",3,5,3,3,4,3,4,3,3
"914",3,5,3,3,4,3,4,3,3
"915",3,5,3,3,4,3,4,3,3
"916",4,4,4,3,3,4,3,3,4
"917",4,4,4,3,3,4,3,3,4
"918",3,5,3,3,4,3,4,5,3
"919",4,4,4,3,3,4,3,3,3
"920",3,5,3,3,4,3,4,3,3
"921",3,5,3,3,4,3,4,3,3
"922",3,5,3,3,4,3,4,5,3
"923",3,5,3,3,4,3,4,3,3
"924",3,5,3,3,4,3,4,5,3
"925",3,5,3,3,4,3,4,3,3
"926",3,5,3,3,4,3,4,5,3
"927",3,5,3,3,4,3,4,3,3
"928",3,5,3,3,4,3,4,3,3
"929",4,4,4,3,3,4,3,3,3
"930",3,5,3,3,4,3,4,3,3
"931",3,5,3,3,4,3,2,3,3
"932",3,5,3,3,4,3,4,3,3
"933",3,5,3,3,4,3,4,3,3
"934",3,5,3,3,4,3,4,3,3
"935",4,4,4,3,3,4,3,3,3
"936",4,4,4,3,3,4,3,4,4
"937",4,4,4,3,3,4,3,3,3
"938",4,4,4,3,3,4,3,3,3
"939",3,5,3,3,4,3,4,3,3
"940",3,5,3,3,4,3,4,3,3
"941",4,4,4,3,3,4,3,4,4
"942",4,4,4,3,3,4,3,3,3
"943",3,5,3,3,4,3,4,5,3
"944",3,5,3,3,4,3,4,3,3
"945",4,4,4,3,3,4,3,4,4
"946",4,4,4,3,3,4,3,4,4
"947",3,5,3,3,4,3,4,5,3
"948",3,5,3,3,4,3,4,3,3
"949",3,4,4,3,3,4,3,3,3
"950",4,4,4,3,3,4,3,3,4
"951",4,4,4,3,3,4,3,3,4
"952",4,4,4,3,3,3,3,4,3
"953",3,5,3,3,4,3,4,3,3
"954",3,5,3,3,4,3,4,5,3
"955",4,4,4,3,3,4,3,3,4
"956",4,4,4,3,3,4,3,3,4
"957",4,4,4,3,3,4,3,3,3
"958",4,4,4,3,3,4,3,3,3
"959",4,4,4,3,3,4,3,4,4
"960",4,4,4,3,3,4,3,3,4
"961",3,4,4,3,3,4,3,3,3
"962",4,4,4,3,3,4,3,3,4
"963",3,5,3,3,4,3,4,3,3
"964",5,6,5,4,5,5,5,6,5
"965",3,5,3,3,4,3,4,3,3
"966",3,5,3,3,4,3,4,3,3
"967",3,5,3,3,4,3,4,3,3
"968",4,4,4,3,3,4,3,3,4
"969",3,5,3,3,4,3,4,5,3
"970",6,5,3,5,4,6,4,5,6
"971",4,4,4,3,3,4,3,3,3
"972",3,5,3,3,4,3,4,3,3
"973",3,5,3,3,4,3,4,5,3
"974",4,4,4,3,3,4,3,3,4
"975",3,5,3,3,4,3,4,5,3
"976",3,5,3,3,4,3,4,3,3
"977",3,5,3,3,4,3,4,3,3
"978",4,4,4,3,3,4,3,3,4
"979",4,4,4,3,3,4,3,3,4
"980",3,5,3,3,4,3,4,3,3
"981",3,5,3,3,4,3,4,3,3
"982",3,5,3,3,4,3,4,3,3
"983",3,3,3,1,2,3,2,3,3
"984",3,4,4,3,3,4,3,3,3
"985",3,5,3,3,4,3,4,3,3
"986",3,5,3,3,4,3,4,3,3
"987",3,5,3,3,4,3,4,3,3
"988",6,5,3,5,4,3,4,5,6
"989",3,5,3,3,4,3,4,3,3
"990",3,5,3,3,4,3,4,5,3
"991",3,5,3,3,4,3,4,3,3
"992",3,3,3,1,2,3,2,3,3
"993",6,5,3,5,4,6,4,5,6
"994",3,5,3,3,4,3,4,3,3
"995",3,5,3,3,4,3,4,5,3
"996",3,5,3,3,4,3,4,3,3
"997",3,5,3,3,4,3,4,5,3
"998",3,5,3,3,4,3,4,5,3
"999",5,6,5,4,5,5,5,6,5
"1000",3,5,3,3,4,3,4,5,3
"1001",1,2,1,2,1,1,1,2,2
"1002",3,5,3,3,4,3,4,5,3
"1003",3,4,3,3,4,3,4,3,3
"1004",3,5,3,3,4,3,4,3,3
"1005",6,5,3,3,4,6,4,5,6
"1006",6,5,3,5,4,3,4,5,6
"1007",3,5,3,3,4,3,4,5,3
"1008",6,5,3,5,4,6,4,5,6
"1009",3,5,3,3,4,3,4,5,3
"1010",6,5,3,5,4,6,4,5,6
"1011",3,5,3,3,4,3,4,5,3
"1012",6,5,3,5,4,6,4,5,6
"1013",3,5,3,3,4,3,4,3,3
"1014",6,5,3,5,4,6,4,5,6
"1015",3,5,3,3,4,3,4,5,3
"1016",6,5,3,5,4,6,4,5,6
"1017",6,5,3,5,4,6,4,5,6
"1018",6,5,3,5,4,6,4,5,6
"1019",3,5,3,3,4,3,4,5,3
"1020",6,5,3,5,4,6,4,5,6
"1021",6,5,3,5,4,6,4,5,6
"1022",6,5,3,5,4,6,4,5,6
"1023",6,5,3,5,4,6,4,5,6
"1024",3,5,3,3,4,3,4,3,3
"1025",6,5,3,5,4,6,4,5,6
"1026",6,5,3,5,4,6,4,5,6
"1027",6,5,3,5,4,6,4,5,6
"1028",6,5,3,5,4,6,4,5,6
"1029",6,6,8,8,8,5,8,6,5
"1030",3,4,4,3,4,4,4,3,3
"1031",3,5,3,3,4,3,4,5,3
"1032",3,5,3,3,4,3,4,5,3
"1033",3,5,3,3,4,3,4,3,3
"1034",3,5,3,3,4,3,4,5,3
"1035",3,5,3,3,4,3,4,3,3
"1036",6,5,3,5,4,6,4,5,6
"1037",3,5,3,3,4,3,4,5,3
"1038",3,5,3,3,4,3,4,5,3
"1039",6,5,3,5,4,6,4,5,6
"1040",3,5,3,3,4,3,4,3,3
"1041",3,5,3,3,4,3,4,5,3
"1042",3,5,3,3,4,3,4,5,3
"1043",3,5,3,3,4,3,4,3,3
"1044",3,5,3,3,4,3,4,5,3
"1045",6,5,3,5,4,6,4,5,6
"1046",6,5,3,5,4,6,4,5,6
"1047",3,5,3,3,4,3,4,3,3
"1048",6,6,8,8,8,5,8,6,5
"1049",3,5,3,3,4,3,4,5,3
"1050",3,5,3,3,4,3,4,5,3
"1051",3,5,3,3,4,3,4,5,3
"1052",3,5,3,3,4,3,4,3,3
"1053",3,5,3,3,4,3,4,5,3
"1054",3,5,3,3,4,3,4,5,3
"1055",3,5,3,3,4,3,4,5,3
"1056",6,5,3,5,4,6,4,5,6
"1057",3,5,3,3,4,3,4,5,3
"1058",3,5,3,3,4,3,4,5,3
"1059",3,5,3,3,4,3,4,5,3
"1060",3,5,3,3,4,3,2,3,3
"1061",3,5,3,3,4,3,4,5,3
"1062",3,5,3,3,4,3,4,3,3
"1063",3,5,3,3,4,3,4,5,3
"1064",3,5,3,3,4,3,4,3,3
"1065",3,5,3,3,4,3,4,5,3
"1066",6,6,8,8,8,5,8,6,5
"1067",3,5,3,3,4,3,4,5,3
"1068",3,5,3,3,4,3,4,3,3
"1069",3,5,3,3,4,3,4,5,3
"1070",3,5,3,3,4,3,4,3,3
"1071",3,5,3,3,4,3,4,5,3
"1072",3,5,3,3,4,3,4,5,3
"1073",3,5,3,3,4,3,4,3,3
"1074",3,5,3,3,4,3,4,3,3
"1075",3,5,3,3,4,3,4,5,3
"1076",3,5,3,3,4,3,4,5,3
"1077",3,5,3,3,4,3,4,3,3
"1078",4,4,4,3,3,4,3,3,4
"1079",3,5,3,3,4,3,4,3,3
"1080",3,5,3,3,4,3,2,3,3
"1081",4,4,4,3,3,4,3,3,4
"1082",4,4,4,3,3,3,3,4,3
"1083",3,5,3,3,4,3,2,3,3
"1084",3,5,3,3,4,3,4,3,3
"1085",3,5,3,3,4,3,4,3,3
"1086",3,5,3,3,4,3,2,3,3
"1087",3,5,3,3,4,3,4,3,3
"1088",4,4,4,3,3,4,3,3,3
"1089",3,5,3,3,4,3,2,3,3
"1090",3,5,3,3,4,3,4,3,3
"1091",3,5,3,3,4,3,4,3,3
"1092",3,5,3,3,4,3,4,5,3
"1093",3,5,3,3,4,3,2,3,3
"1094",6,5,3,5,4,6,4,5,6
"1095",4,4,4,3,3,4,3,3,4
"1096",3,5,3,3,4,3,4,3,3
"1097",3,5,3,3,4,3,2,3,3
"1098",3,5,3,3,4,3,4,3,3
"1099",3,5,3,3,4,3,4,3,3
"1100",3,5,3,3,4,3,2,3,3
"1101",3,5,3,3,4,3,4,3,3
"1102",3,5,3,3,4,3,4,3,3
"1103",3,4,3,3,4,3,2,3,3
"1104",3,4,3,3,4,3,2,3,3
"1105",4,4,4,3,3,4,3,3,4
"1106",4,4,4,3,3,4,3,3,4
"1107",3,5,3,3,4,3,4,3,3
"1108",6,6,8,8,8,5,8,6,5
"1109",3,5,3,3,4,3,4,5,3
"1110",3,3,3,1,2,3,2,3,3
"1111",4,4,4,3,3,3,3,4,3
"1112",3,4,3,3,4,3,2,3,3
"1113",3,3,3,3,4,3,2,3,3
"1114",3,5,3,3,4,3,4,3,3
"1115",3,5,3,3,4,3,2,3,3
"1116",3,3,3,1,2,3,2,3,3
"1117",4,4,4,3,3,3,3,4,3
"1118",3,3,3,3,4,3,2,3,3
"1119",3,3,3,3,4,3,2,3,3
"1120",5,6,5,4,5,5,5,6,5
"1121",3,3,3,1,2,3,2,3,3
"1122",3,5,3,3,4,3,2,3,3
"1123",3,5,3,3,4,3,2,3,3
"1124",3,5,3,3,4,3,4,3,3
"1125",3,3,3,1,2,3,2,3,3
"1126",4,4,4,3,3,3,3,4,3
"1127",3,5,3,3,4,3,2,3,3
"1128",3,4,3,3,4,3,2,3,3
"1129",4,4,4,3,3,4,3,3,4
"1130",6,6,8,8,8,5,8,6,5
"1131",4,4,4,3,3,3,3,4,3
"1132",4,4,4,3,3,3,3,4,3
"1133",4,4,4,3,3,3,3,4,3
"1134",3,4,3,3,4,3,2,3,3
"1135",3,4,3,3,4,3,2,3,3
"1136",3,4,3,3,4,3,2,3,3
"1137",4,4,4,3,3,3,3,4,3
"1138",3,4,3,3,4,3,2,3,3
"1139",4,4,4,3,3,3,3,4,3
"1140",4,4,3,3,4,3,2,3,3
"1141",4,4,4,3,3,3,3,4,3
"1142",4,4,3,3,4,3,2,3,3
"1143",4,4,4,3,3,3,3,4,3
"1144",4,4,4,3,3,3,3,4,3
"1145",3,4,3,3,4,3,4,3,3
"1146",4,4,4,3,3,4,3,3,4
"1147",4,4,4,3,3,3,3,4,3
"1148",4,4,4,3,3,3,3,4,3
"1149",4,4,3,3,3,3,3,4,3
"1150",3,3,3,1,2,3,2,3,3
"1151",4,4,4,3,3,4,3,3,4
"1152",4,4,4,3,3,3,3,4,3
"1153",4,4,4,3,3,4,3,4,4
"1154",4,4,4,3,3,4,3,3,4
"1155",4,4,4,3,3,3,3,4,3
"1156",4,4,4,3,3,4,3,3,4
"1157",4,4,3,3,3,3,3,3,3
"1158",3,4,3,3,4,3,2,3,3
"1159",4,4,4,3,3,3,3,4,3
"1160",4,4,4,3,3,4,3,3,4
"1161",4,4,4,3,3,4,3,3,4
"1162",4,4,4,3,3,4,3,4,4
"1163",4,4,4,3,3,3,3,4,4
"1164",4,4,4,3,3,4,3,3,4
"1165",4,4,4,3,3,4,3,3,4
"1166",4,4,3,3,3,3,3,3,3
"1167",4,4,4,3,3,4,3,4,4
"1168",4,4,3,3,4,3,2,3,3
"1169",4,4,4,3,3,3,3,4,4
"1170",4,4,4,3,3,3,3,4,3
"1171",4,4,4,3,3,4,3,3,4
"1172",4,4,3,3,3,3,3,4,3
"1173",4,4,3,3,3,3,3,3,3
"1174",4,4,4,3,3,3,3,4,3
"1175",4,4,4,3,3,3,3,4,3
"1176",4,4,4,3,3,4,3,3,4
"1177",4,4,4,3,3,4,3,3,4
"1178",4,4,4,3,3,4,3,4,4
"1179",4,4,3,3,3,3,3,3,3
"1180",4,4,4,3,3,3,3,4,3
"1181",4,4,4,3,3,4,3,4,4
"1182",4,4,4,3,3,4,3,4,4
"1183",4,4,4,3,3,4,3,4,4
"1184",4,4,4,3,3,3,3,4,4
"1185",4,4,4,3,3,3,3,4,4
"1186",4,4,3,3,4,3,2,3,3
"1187",5,6,5,4,5,5,5,6,5
"1188",4,4,4,3,3,3,3,4,3
"1189",4,4,4,3,3,3,3,4,3
"1190",4,4,4,3,3,3,3,4,3
"1191",4,4,3,3,4,3,2,3,3
"1192",3,3,3,3,4,3,2,3,3
"1193",3,5,3,3,4,3,2,3,3
"1194",4,4,3,3,4,3,2,3,3
"1195",4,4,4,3,3,3,3,4,3
"1196",4,4,4,3,3,4,3,3,4
"1197",4,4,4,3,3,4,3,4,4
"1198",3,5,3,3,4,3,2,3,3
"1199",4,4,4,3,3,4,3,3,4
"1200",4,4,4,3,3,4,3,4,4
"1201",3,4,3,3,4,3,2,3,3
"1202",4,4,4,3,3,4,3,4,4
"1203",4,4,4,3,3,4,3,4,4
"1204",6,5,3,5,4,6,4,5,6
"1205",3,5,3,3,4,3,4,3,3
"1206",4,4,4,3,3,4,3,3,4
"1207",4,4,4,3,3,3,3,4,3
"1208",4,4,4,3,3,4,3,4,4
"1209",4,4,4,3,3,4,3,4,4
"1210",4,4,4,3,3,3,3,4,3
"1211",4,4,4,3,3,4,3,4,4
"1212",4,4,4,3,3,4,3,4,4
"1213",4,4,4,3,3,4,3,3,4
"1214",4,4,4,3,3,4,3,4,4
"1215",4,4,4,3,3,4,3,4,4
"1216",4,4,4,3,3,4,3,4,4
"1217",4,4,4,3,3,4,3,4,4
"1218",4,4,4,3,3,4,3,4,4
"1219",4,4,4,3,3,4,3,3,4
"1220",4,4,4,3,3,3,3,4,3
"1221",4,4,4,3,3,3,3,4,4
"1222",4,4,4,3,3,3,3,4,3
"1223",4,4,4,3,3,4,3,4,4
"1224",4,4,4,3,3,4,3,4,4
"1225",4,4,4,3,3,4,3,4,4
"1226",4,4,4,3,3,4,3,4,4
"1227",4,4,4,3,3,4,3,4,4
"1228",4,4,4,3,3,4,3,4,4
"1229",4,4,4,3,3,4,3,4,4
"1230",4,4,4,3,3,4,3,4,4
"1231",4,4,4,3,3,4,3,4,4
"1232",4,4,4,3,3,4,3,4,4
"1233",4,4,4,3,3,4,3,4,4
"1234",4,4,4,3,3,4,3,4,4
"1235",4,4,4,3,3,4,3,4,4
"1236",4,4,4,3,3,4,3,4,4
"1237",4,4,4,3,3,4,3,4,4
"1238",4,4,4,3,3,4,3,4,4
"1239",4,4,4,3,3,4,3,4,4
"1240",1,1,1,1,2,2,1,1,1
"1241",4,4,4,3,3,4,3,3,4
"1242",4,4,4,3,3,4,3,4,4
"1243",3,4,4,3,4,4,4,3,3
"1244",4,4,4,3,3,4,3,3,4
"1245",4,4,4,3,3,4,3,4,4
"1246",3,4,4,3,4,4,4,3,3
"1247",4,4,3,3,4,3,2,3,3
"1248",4,4,4,3,3,4,3,4,4
"1249",4,4,3,3,3,3,3,3,3
"1250",3,4,4,3,4,4,4,3,3
"1251",4,4,4,3,3,4,3,4,4
"1252",4,4,4,3,3,3,3,4,3
"1253",3,3,3,1,2,3,2,3,3
"1254",4,4,4,3,3,4,3,4,4
"1255",3,3,3,3,4,3,2,3,3
"1256",4,4,4,3,3,4,3,4,4
"1257",4,4,4,3,3,4,3,4,4
"1258",4,4,4,3,3,4,3,4,4
"1259",4,4,4,3,3,4,3,4,4
"1260",4,4,4,3,3,4,3,4,4
"1261",4,4,3,3,4,3,3,3,3
"1262",4,4,4,3,3,3,3,4,3
"1263",4,4,4,3,3,4,3,4,4
"1264",4,4,3,3,4,3,3,3,3
"1265",4,4,4,3,3,4,3,4,4
"1266",4,4,4,3,3,3,3,4,3
"1267",4,4,4,3,3,4,3,4,4
"1268",4,4,4,3,3,4,3,4,4
"1269",4,4,4,3,3,4,3,4,4
"1270",4,4,4,3,3,4,3,3,4
"1271",4,4,4,3,3,4,3,4,4
"1272",4,4,4,3,3,4,3,4,4
"1273",3,4,3,3,4,3,2,3,3
"1274",4,4,4,3,3,3,3,4,4
"1275",4,4,3,3,4,3,2,3,3
"1276",4,4,4,3,3,3,3,4,3
"1277",3,4,4,3,4,4,4,3,3
"1278",4,4,4,3,3,3,3,4,3
"1279",4,4,4,3,3,4,3,4,4
"1280",3,4,3,3,4,3,2,3,3
"1281",3,5,3,3,4,3,4,5,3
"1282",4,4,4,3,3,4,3,4,4
"1283",4,4,4,3,3,4,3,4,4
"1284",4,4,4,3,3,4,3,4,4
"1285",4,4,4,3,3,4,3,4,4
"1286",4,4,4,3,3,4,3,4,4
"1287",4,4,4,3,3,4,3,4,4
"1288",4,4,4,3,3,3,3,4,3
"1289",4,4,4,3,3,4,3,4,4
"1290",4,4,4,3,3,3,3,4,3
"1291",4,4,4,3,3,4,3,4,4
"1292",4,4,4,3,3,4,3,4,4
"1293",4,4,4,3,3,4,3,3,4
"1294",4,4,4,3,3,3,3,4,4
"1295",4,4,4,3,3,4,3,4,4
"1296",4,4,3,3,4,3,3,3,3
"1297",3,4,4,3,4,4,4,3,3
"1298",4,4,4,3,3,4,3,4,4
"1299",3,4,4,3,3,4,3,3,3
"1300",4,4,4,3,3,4,3,4,4
"1301",4,4,4,3,3,3,3,4,3
"1302",4,4,4,3,3,4,3,4,4
"1303",3,4,4,3,3,4,3,3,3
"1304",4,4,4,3,3,4,3,4,4
"1305",4,4,4,3,3,4,3,4,4
"1306",4,4,4,3,3,3,3,4,4
"1307",4,4,4,3,3,3,3,4,4
"1308",4,4,4,3,3,3,3,4,3
"1309",4,4,4,3,3,4,3,4,4
"1310",4,4,4,3,3,4,3,4,4
"1311",4,4,4,3,3,4,3,4,4
"1312",4,4,4,3,3,4,3,4,4
"1313",4,4,4,3,3,3,3,4,4
"1314",3,5,3,3,4,3,4,3,3
"1315",4,4,4,3,3,4,3,4,4
"1316",4,4,4,3,3,3,3,4,4
"1317",4,4,4,3,3,4,3,4,4
"1318",4,4,4,3,3,4,3,4,4
"1319",4,4,4,3,3,4,3,4,4
"1320",4,4,4,3,3,3,3,4,3
"1321",4,4,4,3,3,4,3,4,4
"1322",4,4,4,3,3,3,3,4,4
"1323",4,4,4,3,3,4,3,4,4
"1324",4,4,4,3,3,4,3,4,4
"1325",4,4,4,3,3,4,3,4,4
"1326",4,4,4,3,3,4,3,3,3
"1327",4,4,4,3,3,4,3,4,4
"1328",4,4,4,3,3,4,3,4,4
"1329",4,4,4,3,3,4,3,4,4
"1330",4,4,4,3,3,4,3,4,4
"1331",4,4,4,3,3,4,3,4,4
"1332",4,4,4,3,3,4,3,4,4
"1333",4,4,4,3,3,4,3,4,4
"1334",4,4,4,3,3,4,3,4,4
"1335",4,4,4,3,3,4,3,4,4
"1336",4,4,4,3,3,4,3,4,4
"1337",4,4,4,3,3,4,3,4,4
"1338",4,4,4,3,3,4,3,4,4
"1339",4,4,4,3,3,4,3,4,4
"1340",4,4,4,3,3,4,3,4,4
"1341",4,4,4,3,3,4,3,4,4
"1342",4,4,4,3,3,4,3,4,4
"1343",4,4,4,3,3,4,3,4,4
"1344",4,4,4,3,3,4,3,4,4
"1345",3,5,3,3,4,3,4,3,3
"1346",3,3,3,1,2,3,2,3,3
"1347",3,5,3,3,4,3,4,5,3
"1348",3,3,3,1,2,3,2,3,3
"1349",3,3,3,1,2,3,2,3,3
"1350",3,5,3,3,4,3,4,5,3
"1351",3,3,3,1,2,3,2,3,3
"1352",3,5,3,3,4,3,4,5,3
"1353",3,5,3,3,4,3,4,5,3
"1354",3,5,3,3,4,3,4,3,3
"1355",3,5,3,3,4,3,4,3,3
"1356",3,5,3,3,4,3,4,3,3
"1357",3,5,3,3,4,3,2,3,3
"1358",3,5,3,3,4,3,4,3,3
"1359",3,5,3,3,4,3,4,3,3
"1360",3,5,3,3,4,3,2,3,3
"1361",3,5,3,3,4,3,4,3,3
"1362",3,5,3,3,4,3,4,3,3
"1363",3,5,3,3,4,3,2,3,3
"1364",3,5,3,3,4,3,4,3,3
"1365",3,5,3,3,4,3,4,3,3
"1366",4,4,3,3,3,3,3,3,3
"1367",3,5,3,3,4,3,4,5,3
"1368",3,3,3,1,2,3,2,3,3
"1369",6,5,3,5,4,6,4,5,6
"1370",3,3,3,3,4,3,2,3,3
"1371",5,6,5,4,5,5,5,6,5
"1372",5,6,5,4,5,5,5,6,5
"1373",3,5,3,3,4,3,4,3,3
"1374",3,5,3,3,4,3,4,3,3
"1375",3,4,4,3,3,4,3,3,3
"1376",3,5,3,3,4,3,4,3,3
"1377",3,5,3,3,4,3,4,3,3
"1378",3,5,3,3,4,3,4,3,3
"1379",3,3,3,1,2,3,2,3,3
"1380",3,5,3,3,4,3,4,3,3
"1381",3,5,3,3,4,3,4,3,3
"1382",3,5,3,3,4,3,4,5,3
"1383",3,5,3,3,4,3,2,3,3
"1384",3,5,3,3,4,3,2,3,3
"1385",3,5,3,3,4,3,4,3,3
"1386",3,5,3,3,4,3,4,3,3
"1387",3,5,3,1,2,3,2,3,3
"1388",3,5,3,3,4,3,4,3,3
"1389",3,5,3,3,4,3,4,3,3
"1390",3,5,3,3,4,3,4,3,3
"1391",3,3,3,3,4,3,2,3,3
"1392",4,4,4,3,3,4,3,3,3
"1393",3,5,3,3,4,3,4,5,3
"1394",4,4,4,3,3,4,3,4,4
"1395",3,4,3,3,4,3,2,3,3
"1396",3,3,3,1,2,3,2,3,3
"1397",4,4,3,3,4,3,2,3,3
"1398",4,4,3,3,4,3,2,3,3
"1399",4,4,4,3,3,4,3,4,4
"1400",3,3,3,1,2,3,2,3,3
"1401",3,5,3,3,4,3,4,3,3
"1402",3,5,3,3,4,3,4,3,3
"1403",3,5,3,3,4,3,4,3,3
"1404",3,3,3,1,2,3,2,3,3
"1405",3,5,3,3,4,3,2,3,3
"1406",3,5,3,3,4,3,4,3,3
"1407",4,4,4,3,3,4,3,3,4
"1408",3,3,3,1,2,3,2,3,3
"1409",4,4,4,3,3,3,3,4,3
"1410",3,5,3,1,2,3,2,3,3
"1411",3,4,3,3,4,3,2,3,3
"1412",4,4,3,3,4,3,2,3,3
"1413",6,5,3,5,4,6,4,5,6
"1414",3,3,3,1,2,3,2,3,3
"1415",4,4,4,3,3,4,3,3,4
"1416",3,3,3,3,4,3,2,3,3
"1417",3,3,3,3,4,3,2,3,3
"1418",4,4,4,3,3,3,3,4,3
"1419",4,4,4,3,3,4,3,3,4
"1420",3,3,3,1,2,3,2,3,3
"1421",4,4,3,3,3,3,3,3,3
"1422",3,3,3,1,2,3,2,3,3
"1423",3,5,3,3,4,3,2,3,3
"1424",4,4,4,3,3,4,3,4,4
"1425",4,4,4,3,3,4,3,4,4
"1426",4,4,4,3,3,4,3,4,4
"1427",3,3,3,1,2,3,2,3,3
"1428",3,5,3,3,4,3,4,3,3
"1429",3,4,4,3,3,4,3,3,3
"1430",3,4,2,3,2,2,2,3,3
"1431",3,5,3,3,4,3,4,3,3
"1432",3,5,3,3,4,3,4,3,3
"1433",3,5,3,3,4,3,4,3,3
"1434",3,5,3,3,4,3,4,3,3
"1435",3,3,3,1,2,3,2,3,3
"1436",3,5,3,3,4,3,4,3,3
"1437",4,4,4,3,3,3,3,4,4
"1438",3,3,3,1,2,3,2,3,3
"1439",3,3,3,1,2,3,2,3,3
"1440",2,1,2,1,2,2,1,1,1
"1441",5,6,5,4,5,5,5,6,5
"1442",3,3,3,3,4,3,2,3,3
"1443",4,4,4,3,3,3,3,4,3
"1444",4,4,3,3,3,3,3,4,3
"1445",4,4,4,3,3,3,3,4,3
"1446",4,4,4,3,3,4,3,4,4
"1447",4,4,3,3,4,3,2,3,3
"1448",4,4,3,3,4,3,2,3,3
"1449",3,3,3,1,2,3,2,3,3
"1450",4,4,4,3,3,3,3,4,4
"1451",3,3,3,1,2,3,2,3,3
"1452",3,5,3,3,4,3,4,3,3
"1453",4,4,4,3,3,4,3,4,4
"1454",3,5,3,3,4,3,4,3,3
"1455",3,5,3,3,4,3,4,3,3
"1456",3,5,3,3,4,3,4,3,3
"1457",3,3,3,1,2,3,2,3,3
"1458",5,6,5,4,5,5,5,6,5
"1459",3,3,3,1,2,3,2,3,3
"1460",3,3,3,3,4,3,2,3,3
"1461",3,4,3,3,4,3,2,3,3
"1462",3,3,3,1,2,3,2,3,3
"1463",3,4,3,3,4,3,2,3,3
"1464",3,3,3,1,2,3,2,3,3
"1465",4,4,3,3,4,3,2,3,3
"1466",4,4,3,3,4,3,2,3,3
"1467",4,4,4,3,3,4,3,4,4
"1468",4,4,4,3,3,3,3,4,3
"1469",4,4,4,3,3,4,3,3,4
"1470",4,4,3,3,4,3,2,3,3
"1471",4,4,4,3,3,3,3,4,3
"1472",3,3,3,3,4,3,2,3,3
"1473",4,4,3,3,4,3,2,3,3
"1474",3,5,3,3,4,3,2,3,3
"1475",4,4,4,3,3,4,3,4,4
"1476",5,6,5,4,5,5,5,6,5
"1477",4,4,4,3,3,3,3,4,3
"1478",4,4,4,3,3,3,3,4,3
"1479",4,4,4,3,3,3,3,4,3
"1480",4,4,4,3,3,4,3,4,4
"1481",3,3,3,3,4,3,2,3,3
"1482",4,4,4,3,3,4,3,4,4
"1483",4,4,4,3,3,4,3,4,4
"1484",6,5,3,5,4,6,4,5,6
"1485",4,4,4,3,3,4,3,3,4
"1486",3,3,3,3,4,3,2,3,3
"1487",3,3,3,3,4,3,2,3,3
"1488",3,3,3,3,4,3,2,3,3
"1489",3,3,3,3,4,3,2,3,3
"1490",4,4,4,3,3,4,3,3,4
"1491",4,4,4,3,3,3,3,4,3
"1492",3,3,3,1,2,3,2,3,3
"1493",4,4,4,3,3,3,3,4,3
"1494",4,4,3,3,3,3,3,4,3
"1495",4,4,3,3,3,3,3,4,3
"1496",4,4,4,3,3,4,3,3,4
"1497",4,4,4,3,3,3,3,4,3
"1498",4,4,4,3,3,4,3,4,4
"1499",4,4,4,3,3,3,3,4,4
"1500",4,4,3,3,3,3,3,4,3
"1501",4,4,4,3,3,3,3,4,3
"1502",4,4,4,3,3,3,3,4,3
"1503",3,4,4,3,4,4,4,3,3
"1504",3,4,3,3,4,3,2,3,3
"1505",4,4,4,3,3,4,3,4,4
"1506",4,4,4,3,3,3,3,4,4
"1507",3,3,3,1,2,3,2,3,3
"1508",3,5,3,3,4,3,4,3,3
"1509",4,4,4,3,3,3,3,4,3
"1510",3,4,3,3,4,3,4,3,3
"1511",4,4,4,3,3,4,3,4,4
"1512",3,3,3,1,2,3,2,3,3
"1513",4,4,3,3,3,3,3,3,3
"1514",4,4,3,3,3,3,3,4,3
"1515",3,3,3,3,4,3,2,3,3
"1516",4,4,4,3,3,3,3,4,4
"1517",4,4,4,3,3,3,3,4,3
"1518",4,4,4,3,3,3,3,4,4
"1519",4,4,4,3,3,3,3,4,3
"1520",4,4,4,3,3,3,3,4,3
"1521",4,4,4,3,3,4,3,4,4
"1522",6,6,8,8,8,5,8,6,5
"1523",4,4,4,3,3,4,3,4,4
"1524",4,4,3,3,3,3,3,3,3
"1525",4,4,4,3,3,4,3,4,4
"1526",3,4,3,3,4,3,2,3,3
"1527",4,4,4,3,3,4,3,4,4
"1528",4,4,4,3,3,4,3,4,4
"1529",5,6,5,4,5,5,5,6,5
"1530",6,5,3,5,4,6,4,5,6
"1531",4,4,3,3,3,3,3,4,3
"1532",4,4,4,3,3,4,3,4,4
"1533",3,3,3,1,2,3,2,3,3
"1534",4,4,3,3,4,3,2,3,3
"1535",3,3,3,1,2,3,2,3,3
"1536",4,4,4,3,3,3,3,4,3
"1537",3,3,3,1,2,3,2,3,3
"1538",3,3,3,3,4,3,2,3,3
"1539",4,4,3,3,3,3,3,3,3
"1540",4,4,3,3,3,3,3,3,3
"1541",4,4,4,3,3,4,3,4,4
"1542",4,4,4,3,3,3,3,4,3
"1543",4,4,4,3,3,3,3,4,3
"1544",3,3,3,3,4,3,2,3,3
"1545",4,4,4,3,3,4,3,4,4
"1546",4,4,3,3,4,3,3,3,3
"1547",3,5,3,3,4,3,4,3,3
"1548",3,3,3,1,2,3,2,3,3
"1549",3,3,3,3,4,3,2,3,3
"1550",4,4,4,3,3,3,3,4,4
"1551",4,4,4,3,3,4,3,4,4
"1552",4,4,4,3,3,4,3,4,4
"1553",3,3,3,1,2,3,2,3,3
"1554",4,4,3,3,3,3,3,4,3
"1555",4,4,3,3,4,3,2,3,3
"1556",4,4,4,3,3,3,3,4,4
"1557",4,4,4,3,3,3,3,4,4
"1558",4,4,4,3,3,4,3,4,4
"1559",4,4,3,3,3,3,3,4,3
"1560",4,4,3,3,4,3,3,3,3
"1561",4,4,4,3,3,4,3,4,4
"1562",4,4,4,3,3,4,3,3,4
"1563",4,4,4,3,3,4,3,4,4
"1564",4,4,4,3,3,4,3,4,4
"1565",3,3,3,3,4,3,2,3,3
"1566",3,4,2,3,2,2,2,3,3
"1567",3,3,3,1,2,3,2,3,3
"1568",4,4,4,3,3,3,3,4,3
"1569",4,4,4,3,3,3,3,4,3
"1570",4,4,4,3,3,3,3,4,3
"1571",4,4,4,3,3,3,3,4,3
"1572",4,4,4,3,3,4,3,4,4
"1573",4,4,4,3,3,3,3,4,4
"1574",4,4,4,3,3,3,3,4,4
"1575",3,5,3,3,4,3,4,3,3
"1576",4,4,4,3,3,4,3,3,4
"1577",4,4,4,3,3,4,3,3,4
"1578",3,5,3,3,4,3,2,3,3
"1579",3,3,3,1,2,3,2,3,3
"1580",4,4,4,3,3,4,3,4,4
"1581",5,6,5,4,5,5,5,6,5
"1582",5,6,5,4,5,5,5,6,5
"1583",4,4,4,3,3,4,3,4,4
"1584",4,4,4,3,3,4,3,4,4
"1585",4,4,4,3,3,4,3,4,4
"1586",4,4,4,3,3,4,3,4,4
"1587",4,4,4,3,3,3,3,4,3
"1588",3,3,3,3,4,3,2,3,3
"1589",4,4,4,3,3,3,3,4,4
"1590",4,4,4,3,3,3,3,4,4
"1591",4,4,4,3,3,3,3,4,4
"1592",5,6,5,4,5,5,5,6,5
"1593",4,4,4,3,3,4,3,4,4
"1594",5,6,5,4,5,5,5,6,5
"1595",4,4,4,3,3,4,3,4,4
"1596",4,4,4,3,3,4,3,4,4
"1597",4,4,4,3,3,4,3,4,4
"1598",3,3,3,1,2,3,2,3,3
"1599",4,4,4,3,3,3,3,4,3
"1600",4,4,4,3,3,4,3,4,4
"1601",4,4,4,3,3,4,3,4,4
"1602",4,4,4,3,3,4,3,4,4
"1603",4,4,4,3,3,3,3,4,4
"1604",4,4,4,3,3,3,3,4,4
"1605",4,4,4,3,3,4,3,4,4
"1606",4,4,4,3,3,4,3,3,4
"1607",5,6,5,4,5,5,5,6,5
"1608",4,4,4,3,3,4,3,4,4
"1609",4,4,3,3,3,3,3,4,3
"1610",3,4,3,3,4,3,2,3,3
"1611",4,4,4,3,3,3,3,4,4
"1612",4,4,4,3,3,3,3,4,4
"1613",4,4,4,3,3,3,3,4,4
"1614",4,4,4,3,3,3,3,4,3
"1615",5,6,5,4,5,5,5,6,5
"1616",4,4,4,3,3,4,3,4,4
"1617",3,3,2,1,2,2,2,1,1
"1618",4,4,4,3,3,3,3,4,3
"1619",4,4,4,3,3,4,3,4,4
"1620",4,4,4,3,3,4,3,4,4
"1621",2,3,1,1,2,2,2,1,1
"1622",4,4,4,3,3,3,3,4,3
"1623",4,4,3,3,3,3,3,4,3
"1624",4,4,4,3,3,4,3,4,4
"1625",2,3,2,1,2,2,2,1,1
"1626",3,3,2,1,2,2,2,1,1
"1627",4,4,4,3,3,4,3,4,4
"1628",5,9,8,4,5,5,7,6,5
"1629",9,8,9,9,9,9,9,8,8
"1630",5,9,8,4,5,5,7,6,5
"1631",8,9,8,4,5,5,8,6,5
"1632",8,9,8,4,5,5,8,6,5
"1633",9,8,9,9,9,9,9,8,8
"1634",5,9,8,4,5,5,7,6,5
"1635",8,9,8,4,5,5,8,6,5
"1636",5,9,7,4,5,5,7,6,5
"1637",5,9,8,4,5,5,7,6,5
"1638",9,8,9,9,9,9,9,8,8
"1639",9,8,9,9,9,9,9,8,8
"1640",5,9,8,4,5,5,7,6,5
"1641",8,9,8,4,5,5,8,6,5
"1642",5,9,7,4,5,5,7,6,5
"1643",5,9,8,4,5,5,7,6,5
"1644",5,9,8,4,5,5,7,6,5
"1645",8,9,8,4,5,5,8,6,5
"1646",5,9,8,4,5,5,7,6,5
"1647",5,9,7,4,7,8,7,9,5
"1648",8,9,8,4,5,5,8,6,5
"1649",8,9,8,4,5,5,8,6,5
"1650",5,9,7,4,5,5,7,6,5
"1651",5,9,7,4,5,5,7,6,5
"1652",5,9,8,4,5,5,7,6,5
"1653",5,9,7,4,5,5,7,6,5
"1654",5,9,7,4,5,5,7,6,5
"1655",5,8,7,7,7,8,7,8,8
"1656",5,9,7,4,5,5,7,6,5
"1657",9,8,9,9,9,9,9,8,8
"1658",5,9,7,4,5,5,7,6,5
"1659",5,9,8,4,5,5,7,6,5
"1660",5,9,8,4,5,5,7,6,5
"1661",9,8,9,9,9,9,9,8,8
"1662",5,9,8,4,5,5,7,6,5
"1663",9,8,9,9,9,9,9,8,8
"1664",5,9,8,4,5,5,7,6,5
"1665",9,8,9,9,9,9,9,8,8
"1666",5,9,7,4,5,5,7,6,5
"1667",5,8,7,7,7,8,7,8,8
"1668",5,9,8,4,5,5,7,6,5
"1669",5,9,7,4,5,8,7,9,5
"1670",9,8,9,9,9,9,9,8,8
"1671",5,9,7,4,5,8,7,9,5
"1672",8,9,8,4,5,5,8,6,5
"1673",5,9,7,4,5,5,7,6,5
"1674",5,9,7,4,5,5,7,6,5
"1675",8,9,8,4,5,5,8,6,5
"1676",8,9,8,4,5,5,8,6,5
"1677",8,9,8,4,5,5,8,6,5
"1678",8,9,8,4,5,5,8,6,5
"1679",8,9,8,4,5,5,8,6,5
"1680",5,8,7,7,7,8,7,8,8
"1681",5,9,8,4,5,5,7,6,5
"1682",5,8,7,7,7,8,7,8,8
"1683",8,9,8,4,5,5,8,6,5
"1684",9,8,9,9,9,9,9,8,8
"1685",5,8,7,7,7,8,7,8,8
"1686",5,8,7,7,7,8,7,8,8
"1687",9,8,9,9,9,9,9,8,8
"1688",5,9,7,4,5,5,7,6,5
"1689",5,8,7,7,7,8,7,8,8
"1690",9,8,9,9,9,9,9,8,8
"1691",5,9,7,4,5,8,7,9,5
"1692",5,8,7,7,7,8,7,8,8
"1693",8,9,8,4,5,5,8,6,5
"1694",5,8,7,7,7,8,7,8,8
"1695",5,8,7,7,7,8,7,8,8
"1696",5,8,7,7,7,8,7,8,8
"1697",5,8,7,7,7,8,7,8,8
"1698",5,6,7,4,7,5,7,6,5
"1699",5,9,7,4,5,5,7,6,5
"1700",5,9,7,4,5,5,7,6,5
"1701",5,9,7,4,5,5,7,6,5
"1702",9,8,9,9,9,9,9,8,8
"1703",5,9,7,4,5,5,7,6,5
"1704",5,8,7,7,7,8,7,8,8
"1705",5,6,5,4,5,5,5,6,5
"1706",9,8,9,9,9,9,9,8,8
"1707",5,9,7,4,5,5,7,6,5
"1708",5,9,8,4,5,5,7,6,5
"1709",5,9,7,4,5,5,7,6,5
"1710",5,8,7,7,7,8,7,9,9
"1711",5,6,7,4,7,5,7,6,5
"1712",5,9,7,4,5,5,7,6,5
"1713",8,9,8,4,5,5,8,6,5
"1714",5,9,7,4,5,5,7,6,5
"1715",5,8,7,7,9,9,9,8,8
"1716",5,9,7,4,5,5,7,9,5
"1717",9,8,9,9,9,9,9,8,8
"1718",5,9,7,4,5,5,7,6,5
"1719",5,8,7,7,7,9,7,8,9
"1720",5,8,7,7,7,8,7,8,8
"1721",5,9,7,4,5,5,7,6,5
"1722",5,9,8,4,5,5,7,6,5
"1723",9,8,9,9,9,9,9,8,8
"1724",9,8,9,7,9,9,9,8,8
"1725",8,9,8,4,5,5,8,6,5
"1726",9,8,9,9,9,9,9,8,8
"1727",5,9,7,4,7,8,7,9,5
"1728",5,9,7,4,5,5,7,6,5
"1729",9,8,9,9,9,9,9,8,8
"1730",5,8,7,7,9,9,9,8,8
"1731",5,8,7,7,7,8,7,8,8
"1732",5,8,7,7,7,8,7,8,8
"1733",5,8,7,7,7,8,7,9,9
"1734",5,8,7,7,7,8,7,8,8
"1735",5,9,7,4,5,5,7,6,5
"1736",9,8,9,7,9,9,9,8,8
"1737",9,8,9,9,9,9,9,8,8
"1738",9,8,9,9,9,9,9,8,8
"1739",5,9,7,4,5,5,7,6,5
"1740",5,8,7,7,7,8,7,8,8
"1741",5,9,7,4,5,5,7,6,5
"1742",5,8,7,7,7,8,7,8,8
"1743",5,6,5,4,5,5,5,6,5
"1744",5,6,5,4,5,5,5,6,5
"1745",5,9,7,4,5,5,7,6,5
"1746",9,8,9,9,9,9,9,8,8
"1747",9,8,9,9,9,9,9,8,8
"1748",9,8,9,9,9,9,9,8,8
"1749",9,8,9,9,9,9,9,8,8
"1750",9,8,9,9,9,9,9,8,8
"1751",5,8,7,7,7,8,7,8,8
"1752",9,8,9,9,9,9,9,8,8
"1753",9,8,9,9,9,9,9,8,8
"1754",9,8,9,9,9,9,9,8,8
"1755",9,8,9,9,9,9,9,8,8
"1756",5,8,7,7,7,8,7,8,8
"1757",9,8,9,9,9,9,9,8,8
"1758",9,8,9,9,9,9,9,8,8
"1759",9,8,9,9,9,9,9,8,8
"1760",5,8,7,7,7,8,7,8,8
"1761",9,8,9,7,9,9,9,8,8
"1762",9,8,9,9,9,9,9,8,8
"1763",5,9,7,4,5,8,7,9,9
"1764",9,8,9,9,9,9,9,8,8
"1765",9,8,9,9,9,9,9,8,8
"1766",9,8,9,7,9,9,9,8,8
"1767",5,9,7,4,5,8,7,9,9
"1768",5,8,7,7,7,8,7,8,8
"1769",5,9,7,4,5,5,7,9,5
"1770",5,9,7,4,5,8,7,9,9
"1771",5,8,7,7,9,9,9,8,8
"1772",9,8,9,9,9,9,9,8,8
"1773",9,8,9,9,9,9,9,8,8
"1774",5,8,9,9,9,9,9,8,8
"1775",5,9,8,4,5,5,7,6,5
"1776",5,8,7,7,7,9,7,8,8
"1777",5,8,7,7,7,9,7,8,8
"1778",9,8,9,9,9,9,9,8,8
"1779",9,8,9,9,9,9,9,8,8
"1780",8,9,7,4,5,8,8,9,5
"1781",9,8,9,7,9,9,9,8,8
"1782",9,8,9,9,9,9,9,8,8
"1783",9,8,9,9,9,9,9,8,8
"1784",9,8,9,7,9,9,9,8,8
"1785",5,9,8,4,5,5,7,6,5
"1786",5,8,7,7,7,8,7,8,8
"1787",5,9,7,4,5,8,7,9,9
"1788",5,9,7,7,7,8,7,9,9
"1789",5,9,7,4,5,8,8,9,5
"1790",5,9,7,4,5,8,7,9,9
"1791",5,8,7,7,7,9,7,8,8
"1792",5,9,7,4,5,5,7,6,5
"1793",5,9,7,4,5,8,7,9,9
"1794",5,9,7,4,5,8,7,9,9
"1795",5,9,7,4,5,8,7,9,9
"1796",5,9,7,4,5,8,7,9,9
"1797",9,8,9,9,9,9,9,8,8
"1798",9,8,9,9,9,9,9,8,8
"1799",9,8,9,7,9,9,9,8,8
"1800",5,9,7,4,5,8,7,9,9
"1801",5,8,7,7,7,8,7,6,5
"1802",5,9,7,7,7,8,7,9,9
"1803",5,9,7,4,5,5,7,6,5
"1804",5,9,7,7,7,8,7,9,9
"1805",9,8,9,9,9,9,9,8,8
"1806",5,8,7,7,7,9,9,8,8
"1807",5,9,7,7,7,8,7,9,9
"1808",9,8,9,9,9,9,9,8,8
"1809",5,8,7,7,7,8,7,8,8
"1810",5,8,9,7,9,9,9,8,8
"1811",9,8,9,9,9,9,9,8,8
"1812",5,6,5,4,7,5,7,6,5
"1813",5,6,5,4,5,5,5,6,5
"1814",5,9,7,4,5,8,7,9,9
"1815",5,8,7,7,7,8,7,8,8
"1816",5,8,7,7,7,9,7,8,8
"1817",5,9,7,7,7,8,7,9,9
"1818",9,8,9,9,9,9,9,8,8
"1819",9,8,9,9,9,9,9,8,8
"1820",9,8,9,9,9,9,9,8,8
"1821",5,8,7,7,7,9,7,8,8
"1822",9,8,9,7,9,9,9,8,8
"1823",5,8,7,7,7,9,7,8,8
"1824",5,8,7,7,7,9,7,8,8
"1825",9,8,9,9,9,9,9,8,8
"1826",8,9,8,4,5,5,8,6,5
"1827",5,8,7,7,7,9,7,8,8
"1828",5,9,7,4,5,8,7,9,9
"1829",5,8,7,7,7,9,7,8,9
"1830",9,8,9,9,9,9,9,8,8
"1831",5,9,7,4,7,8,7,9,5
"1832",9,8,9,9,9,9,9,8,8
"1833",8,9,8,4,5,5,8,6,5
"1834",9,8,9,9,9,9,9,8,8
"1835",9,8,9,7,9,9,9,8,8
"1836",5,8,7,7,7,9,7,8,8
"1837",9,8,9,7,9,9,9,8,8
"1838",5,8,7,7,7,9,7,8,8
"1839",9,8,9,9,9,9,9,8,8
"1840",5,8,7,7,7,9,7,8,9
"1841",5,8,7,7,7,8,7,8,8
"1842",8,9,7,4,5,8,8,9,5
"1843",9,8,9,9,9,9,9,8,8
"1844",9,8,9,9,9,9,9,8,8
"1845",9,8,9,9,9,9,9,8,8
"1846",9,8,9,9,9,9,9,8,8
"1847",8,9,8,4,5,5,8,6,5
"1848",8,9,8,4,5,5,8,6,5
"1849",5,9,7,7,7,8,7,9,9
"1850",8,9,7,4,5,8,8,9,5
"1851",9,8,9,9,9,9,9,8,8
"1852",5,9,7,7,7,8,7,9,9
"1853",5,8,7,7,7,8,7,9,9
"1854",8,9,8,4,5,5,8,6,5
"1855",9,8,7,7,9,9,9,8,8
"1856",9,8,9,9,9,9,9,8,8
"1857",9,8,9,9,9,9,9,8,8
"1858",9,8,9,7,9,9,9,8,8
"1859",9,8,7,7,9,9,9,8,8
"1860",8,9,8,4,5,5,8,6,5
"1861",9,8,9,9,9,9,9,8,8
"1862",9,8,9,9,9,9,9,8,8
"1863",5,6,5,4,5,5,5,6,5
"1864",5,8,7,7,7,8,7,8,9
"1865",5,9,7,4,7,8,7,9,5
"1866",8,9,7,4,5,8,8,9,5
"1867",9,8,9,9,9,9,9,8,8
"1868",5,8,7,7,7,8,7,9,9
"1869",5,8,7,7,7,9,7,8,8
"1870",5,8,7,7,7,8,7,9,9
"1871",8,9,8,4,5,5,8,6,5
"1872",8,9,7,4,5,8,8,9,5
"1873",9,8,9,9,9,9,9,8,8
"1874",9,8,9,9,9,9,9,8,8
"1875",8,9,8,4,5,5,8,6,5
"1876",9,8,9,9,9,9,9,8,8
"1877",5,8,7,7,7,8,7,9,9
"1878",9,8,9,7,9,9,9,8,8
"1879",9,8,9,9,9,9,9,8,8
"1880",5,9,7,7,7,8,7,9,9
"1881",9,8,9,9,9,9,9,8,8
"1882",8,9,8,4,5,5,8,6,5
"1883",8,9,8,4,5,5,8,6,5
"1884",9,8,9,7,9,9,9,8,8
"1885",5,6,7,4,7,5,7,6,5
"1886",8,9,7,4,5,8,8,9,5
"1887",8,9,8,4,5,5,8,6,5
"1888",8,9,8,4,5,5,8,6,5
"1889",5,8,7,7,7,8,7,9,9
"1890",8,9,8,4,5,5,8,6,5
"1891",8,9,8,4,5,5,8,6,5
"1892",5,8,7,7,7,8,7,9,9
"1893",9,8,9,9,9,9,9,8,8
"1894",8,9,8,4,5,5,8,6,5
"1895",5,6,5,4,5,5,5,6,5
"1896",5,6,5,4,7,5,7,6,5
"1897",5,8,7,7,9,9,9,8,8
"1898",8,9,7,4,5,8,8,9,5
"1899",5,6,5,4,5,5,5,6,5
"1900",9,8,9,9,9,9,9,8,8
"1901",5,8,7,7,7,8,7,9,9
"1902",8,9,8,4,5,5,8,6,5
"1903",9,8,9,7,9,9,9,8,8
"1904",8,9,8,4,5,5,8,6,5
"1905",9,8,9,7,9,9,9,8,8
"1906",9,8,9,9,9,9,9,8,8
"1907",9,8,9,9,9,9,9,8,8
"1908",5,8,7,7,7,8,7,9,9
"1909",9,8,9,9,9,9,9,8,8
"1910",9,8,9,9,9,9,9,8,8
"1911",5,8,7,7,7,8,7,9,9
"1912",9,8,9,9,9,9,9,8,8
"1913",8,9,8,4,5,5,8,6,5
"1914",5,8,7,7,7,8,7,9,9
"1915",5,8,7,7,7,8,7,9,9
"1916",9,8,9,9,9,9,9,8,8
"1917",9,8,9,9,9,9,9,8,8
"1918",9,8,9,7,9,9,9,8,8
"1919",5,8,7,7,7,8,7,9,9
"1920",8,9,8,4,5,5,8,6,5
"1921",9,8,7,7,9,9,9,8,8
"1922",9,8,9,9,9,9,9,8,8
"1923",9,8,9,9,9,9,9,8,8
"1924",9,8,9,9,9,9,9,8,8
"1925",9,8,9,7,9,9,9,8,8
"1926",9,8,9,9,9,9,9,8,8
"1927",5,8,7,7,7,8,7,9,9
"1928",9,8,9,7,9,9,9,8,8
"1929",9,8,9,9,9,9,9,8,8
"1930",9,8,9,9,9,9,9,8,8
"1931",9,8,9,9,9,9,9,8,8
"1932",9,8,9,9,9,9,9,8,8
"1933",9,8,9,7,9,9,9,8,8
"1934",9,8,9,9,9,9,9,8,8
"1935",9,8,9,9,9,9,9,8,8
"1936",9,8,9,9,9,9,9,8,8
"1937",9,8,9,9,9,9,9,8,8
"1938",9,8,9,9,9,9,9,8,8
"1939",5,6,5,4,5,5,5,6,5
"1940",9,8,9,7,9,9,9,8,8
"1941",9,8,9,7,9,9,9,8,8
"1942",9,8,9,9,9,9,9,8,8
"1943",5,9,7,4,5,8,7,9,9
"1944",9,8,9,7,9,9,9,8,8
"1945",9,8,9,9,9,9,9,8,8
"1946",9,8,9,9,9,9,9,8,8
"1947",5,8,7,7,7,8,7,9,9
"1948",9,8,9,9,9,9,9,8,8
"1949",5,6,5,4,5,5,5,6,5
"1950",9,8,9,9,9,9,9,8,8
"1951",5,8,7,7,7,8,7,8,8
"1952",9,8,9,9,9,9,9,8,8
"1953",9,8,7,7,9,9,9,8,8
"1954",9,8,9,9,9,9,9,8,8
"1955",9,8,9,9,9,9,9,8,8
"1956",5,8,7,7,7,8,7,9,9
"1957",9,8,9,9,9,9,9,8,8
"1958",9,8,9,9,9,9,9,8,8
"1959",9,8,9,9,9,9,9,8,8
"1960",9,8,9,9,9,9,9,8,8
"1961",9,8,9,9,9,9,9,8,8
"1962",5,8,7,7,7,8,7,9,9
"1963",9,8,9,9,9,9,9,8,8
"1964",9,8,9,7,9,9,9,8,8
"1965",5,8,7,7,7,8,7,9,9
"1966",5,8,9,9,9,9,9,8,8
"1967",5,8,7,7,7,8,7,9,9
"1968",5,8,7,7,7,8,7,9,9
"1969",9,8,9,9,9,9,9,8,8
"1970",8,9,7,4,5,8,8,9,5
"1971",5,8,7,7,7,9,7,8,9
"1972",5,6,5,4,5,5,5,6,5
"1973",9,8,9,9,9,9,9,8,8
"1974",9,8,9,9,9,9,9,8,8
"1975",9,8,9,9,9,9,9,8,8
"1976",9,8,9,7,9,9,9,8,8
"1977",9,8,9,9,9,9,9,8,8
"1978",9,8,9,7,9,9,9,8,8
"1979",9,8,9,7,9,9,9,8,8
"1980",9,8,9,9,9,9,9,8,8
"1981",9,8,9,9,9,9,9,8,8
"1982",9,8,9,9,9,9,9,8,8
"1983",8,9,7,4,5,8,8,9,5
"1984",9,8,9,9,9,9,9,8,8
"1985",5,6,5,4,5,5,5,6,5
"1986",9,8,9,9,9,9,9,8,8
"1987",9,8,9,9,9,9,9,8,8
"1988",9,8,9,9,9,9,9,8,8
"1989",9,8,9,9,9,9,9,8,8
"1990",5,8,7,7,7,8,7,9,9
"1991",9,8,9,7,9,9,9,8,8
"1992",9,8,9,9,9,9,9,8,8
"1993",9,8,9,9,9,9,9,8,8
"1994",5,8,7,7,7,9,7,8,9
"1995",9,8,7,7,9,9,9,8,8
"1996",9,8,9,9,9,9,9,8,8
"1997",8,9,7,4,5,8,8,9,5
"1998",5,8,7,7,7,8,7,8,8
"1999",9,8,9,9,9,9,9,8,8
"2000",9,8,9,9,9,9,9,8,8
"2001",5,9,7,7,7,8,7,9,9
"2002",6,5,3,5,4,6,4,5,6
"2003",5,6,5,4,5,5,5,6,5
"2004",9,8,9,9,9,9,9,8,8
"2005",9,8,9,9,9,9,9,8,8
"2006",9,8,9,9,9,9,9,8,8
"2007",9,8,9,9,9,9,9,8,8
"2008",5,8,7,7,7,8,7,9,9
"2009",9,8,9,9,9,9,9,8,8
"2010",9,8,9,9,9,9,9,8,8
"2011",9,8,9,9,9,9,9,8,8
"2012",9,8,9,9,9,9,9,8,8
"2013",9,8,9,9,9,9,9,8,8
"2014",5,8,7,7,7,8,7,9,9
"2015",5,8,7,7,7,8,7,9,9
"2016",5,8,7,7,7,8,7,9,9
"2017",9,8,9,9,9,9,9,8,8
"2018",9,8,9,9,9,9,9,8,8
"2019",5,9,7,7,7,8,7,9,9
"2020",8,9,7,4,5,8,8,9,5
"2021",9,8,9,9,9,9,9,8,8
"2022",5,8,7,7,7,8,7,9,9
"2023",9,8,9,9,9,9,9,8,8
"2024",9,8,9,9,9,9,9,8,8
"2025",5,8,7,7,7,8,7,9,9
"2026",5,8,7,7,7,8,7,9,9
"2027",9,8,9,9,9,9,9,8,8
"2028",5,6,5,4,5,5,5,6,5
"2029",8,9,8,4,5,5,8,6,5
"2030",5,8,7,7,7,8,7,9,9
"2031",9,8,9,9,9,9,9,8,8
"2032",5,9,7,7,7,8,7,9,9
"2033",5,6,5,4,5,5,5,6,5
"2034",5,6,5,4,5,5,5,6,5
"2035",9,8,9,7,9,9,9,8,8
"2036",5,8,7,7,7,9,7,8,9
"2037",8,9,8,4,5,5,8,6,5
"2038",5,6,5,4,5,5,5,6,5
"2039",8,9,8,4,5,5,8,6,5
"2040",5,6,5,4,5,5,5,6,5
"2041",5,8,7,7,7,8,7,9,9
"2042",8,9,8,4,5,5,8,6,5
"2043",8,9,7,4,5,8,8,9,5
"2044",9,8,7,7,9,9,9,8,8
"2045",5,8,7,7,7,8,7,9,9
"2046",9,8,9,9,9,9,9,8,8
"2047",5,8,7,7,7,8,7,9,9
"2048",9,8,9,9,9,9,9,8,8
"2049",8,9,8,4,5,5,8,6,5
"2050",9,8,9,9,9,9,9,8,8
"2051",8,9,8,4,5,5,8,6,5
"2052",9,8,9,9,9,9,9,8,8
"2053",5,9,7,7,7,8,7,9,9
"2054",5,8,7,7,7,8,7,9,9
"2055",5,9,7,7,7,8,7,9,9
"2056",8,9,8,4,5,5,8,6,5
"2057",5,8,7,7,7,9,7,8,9
"2058",5,9,7,7,7,8,7,9,9
"2059",5,9,7,4,5,8,8,9,5
"2060",9,8,9,9,9,9,9,8,8
"2061",9,8,9,9,9,9,9,8,8
"2062",5,8,7,7,7,9,7,8,8
"2063",8,9,8,4,5,5,8,6,5
"2064",5,9,7,7,7,8,7,9,9
"2065",8,9,8,4,5,5,8,6,5
"2066",5,9,7,4,5,5,7,6,5
"2067",5,9,7,7,7,8,7,9,9
"2068",8,9,8,4,5,5,8,6,5
"2069",5,9,7,4,7,8,7,9,5
"2070",5,9,7,7,7,8,7,9,9
"2071",5,9,7,7,7,8,7,9,9
"2072",9,8,9,9,9,9,9,8,8
"2073",5,8,7,7,7,8,7,9,9
"2074",5,8,7,7,7,8,7,9,9
"2075",5,8,7,7,7,8,7,9,9
"2076",9,8,9,9,9,9,9,8,8
"2077",8,9,8,4,5,5,8,6,5
"2078",8,9,8,4,5,5,8,6,5
"2079",9,8,9,9,9,9,9,8,8
"2080",9,8,9,9,9,9,9,8,8
"2081",5,6,5,4,5,5,5,6,5
"2082",9,8,9,9,9,9,9,8,8
"2083",5,9,7,7,7,8,7,9,9
"2084",8,9,8,4,5,5,8,6,5
"2085",5,9,7,7,7,8,7,9,9
"2086",9,8,9,9,9,9,9,8,8
"2087",5,8,7,7,7,8,7,8,8
"2088",8,9,8,4,5,5,8,6,5
"2089",5,9,7,7,7,8,7,9,9
"2090",5,9,7,7,7,8,7,9,9
"2091",5,8,7,7,7,8,7,9,9
"2092",5,6,7,4,7,5,7,6,5
"2093",5,9,7,4,5,8,7,9,9
"2094",9,8,9,7,9,9,9,8,8
"2095",5,9,7,7,7,8,7,9,9
"2096",5,8,9,7,9,9,9,8,8
"2097",5,9,7,7,7,8,7,9,9
"2098",5,9,7,4,5,5,7,9,5
"2099",5,9,7,7,7,8,7,9,9
"2100",5,9,7,7,7,8,7,9,9
"2101",5,9,7,4,7,8,7,9,5
"2102",5,8,7,7,7,8,7,8,8
"2103",5,9,7,7,7,8,7,9,9
"2104",9,8,9,9,9,9,9,8,8
"2105",9,8,9,7,9,9,9,8,8
"2106",5,8,7,7,7,9,9,8,8
"2107",5,9,8,4,5,5,7,6,5
"2108",5,9,7,7,7,8,7,9,9
"2109",5,9,7,7,7,8,7,9,9
"2110",5,9,7,7,7,8,7,9,9
"2111",5,9,7,7,7,8,7,9,9
"2112",9,8,9,9,9,9,9,8,8
"2113",6,6,5,4,5,5,8,6,5
"2114",5,9,7,7,7,8,7,9,9
"2115",5,9,7,7,7,8,7,9,9
"2116",5,9,7,7,7,8,7,9,9
"2117",5,9,7,4,5,8,7,9,5
"2118",5,9,7,7,7,8,7,9,9
"2119",5,9,7,4,5,8,7,9,5
"2120",6,6,5,4,5,5,8,6,5
"2121",5,9,7,7,7,8,7,9,9
"2122",5,6,5,4,5,5,5,6,5
"2123",5,9,7,7,7,8,7,9,9
"2124",6,6,5,4,5,5,8,6,5
"2125",6,6,5,4,5,5,8,6,5
"2126",6,6,5,4,5,5,8,6,5
"2127",5,9,7,7,7,8,7,9,9
"2128",5,9,7,7,7,8,7,9,9
"2129",5,9,7,7,7,8,7,9,9
"2130",5,9,7,7,7,8,7,9,9
"2131",5,9,7,4,5,5,7,9,5
"2132",6,6,5,4,5,5,8,6,5
"2133",5,9,7,4,5,8,8,9,5
"2134",5,9,7,7,7,8,7,9,9
"2135",5,9,7,7,7,8,7,9,9
"2136",5,9,7,4,5,8,7,9,5
"2137",5,9,7,7,7,8,7,9,9
"2138",5,8,7,7,9,9,9,8,8
"2139",5,9,7,7,7,8,7,9,9
"2140",5,9,7,7,7,8,7,9,9
"2141",8,9,8,4,5,5,8,6,5
"2142",5,9,7,7,7,8,7,9,9
"2143",5,9,7,7,7,8,7,9,9
"2144",5,9,7,7,7,8,7,9,9
"2145",5,9,7,4,5,8,7,9,5
"2146",5,9,7,7,7,8,7,9,9
"2147",5,9,7,7,7,8,7,9,9
"2148",5,8,7,7,7,8,7,9,9
"2149",8,9,8,4,5,5,8,6,5
"2150",9,8,9,9,9,9,9,8,8
"2151",5,6,5,4,7,5,7,6,5
"2152",5,6,5,4,5,5,5,6,5
"2153",8,9,8,4,5,5,8,6,5
"2154",9,8,9,9,9,9,9,8,8
"2155",5,9,7,4,5,5,7,9,5
"2156",5,9,7,7,7,8,7,9,9
"2157",9,8,9,9,9,9,9,8,8
"2158",5,8,7,7,7,8,7,8,8
"2159",5,9,7,7,7,8,7,9,9
"2160",5,8,7,7,7,9,7,8,8
"2161",5,9,7,4,7,8,7,9,5
"2162",5,9,7,7,7,8,7,9,9
"2163",5,9,7,7,7,8,7,9,9
"2164",9,8,9,9,9,9,9,8,8
"2165",5,9,7,7,7,8,7,9,9
"2166",5,8,7,7,7,8,7,9,9
"2167",5,9,7,7,7,8,7,9,9
"2168",5,9,7,4,5,5,7,6,5
"2169",8,9,8,4,5,5,8,6,5
"2170",5,6,7,4,7,5,7,6,5
"2171",5,8,7,7,7,8,7,8,8
"2172",9,8,9,9,9,9,9,8,8
"2173",9,8,9,9,9,9,9,8,8
"2174",9,8,9,9,9,9,9,8,8
"2175",5,6,5,4,5,5,5,6,5
"2176",5,8,7,7,7,8,7,8,8
"2177",9,8,9,9,9,9,9,8,8
"2178",5,9,7,4,5,8,7,9,5
"2179",9,8,9,9,9,9,9,8,8
"2180",9,8,9,9,9,9,9,8,8
"2181",5,6,5,4,5,5,5,6,5
"2182",5,8,7,7,7,8,7,9,9
"2183",5,9,7,7,7,8,7,9,9
"2184",9,8,9,9,9,9,9,8,8
"2185",9,8,9,9,9,9,9,8,8
"2186",5,8,7,7,7,8,7,9,9
"2187",5,8,7,7,7,8,7,9,9
"2188",5,6,7,4,7,5,7,6,5
"2189",9,8,9,9,9,9,9,8,8
"2190",5,6,5,4,5,5,5,6,5
"2191",5,9,7,7,7,8,7,9,9
"2192",9,8,9,9,9,9,9,8,8
"2193",5,8,7,7,7,8,7,8,8
"2194",5,6,5,4,5,5,5,6,5
"2195",5,6,5,4,5,5,5,6,5
"2196",8,9,8,4,5,5,8,6,5
"2197",5,8,7,7,7,9,7,8,9
"2198",5,8,7,7,7,8,7,8,8
"2199",8,9,7,4,5,8,8,9,5
"2200",5,8,7,7,7,8,7,9,9
"2201",5,9,7,4,5,5,7,6,5
"2202",9,8,9,9,9,9,9,8,8
"2203",8,9,8,4,5,5,8,6,5
"2204",9,8,9,7,9,9,9,8,8
"2205",2,3,2,1,2,2,2,1,1
"2206",6,6,8,8,8,5,8,6,5
"2207",5,6,5,4,5,5,5,6,5
"2208",5,6,5,4,5,5,5,6,5
"2209",5,6,7,4,7,5,7,6,5
"2210",5,8,7,7,7,8,7,9,9
"2211",8,9,8,4,5,5,8,6,5
"2212",9,8,9,7,9,9,9,8,8
"2213",8,9,8,4,5,5,8,6,5
"2214",8,9,8,4,5,5,8,6,5
"2215",9,8,9,9,9,9,9,8,8
"2216",5,9,7,4,5,8,7,9,9
"2217",5,9,7,7,7,8,7,9,9
"2218",9,8,9,9,9,9,9,8,8
"2219",9,8,9,7,9,9,9,8,8
"2220",8,9,8,4,5,5,8,6,5
"2221",5,8,7,7,7,8,7,8,8
"2222",5,9,7,4,7,8,7,9,5
"2223",5,9,7,4,5,5,7,6,5
"2224",5,9,7,4,5,5,7,6,5
"2225",5,6,5,4,7,5,7,6,5
"2226",5,6,5,4,5,5,5,6,5
"2227",5,6,5,4,5,5,5,6,5
"2228",5,6,5,4,7,5,7,6,5
"2229",5,9,7,4,7,8,7,9,5
"2230",5,9,7,4,5,8,7,9,5
"2231",5,6,5,4,7,5,7,6,5
"2232",5,9,7,4,5,5,7,6,5
"2233",5,8,7,7,7,8,7,8,8
"2234",5,9,7,4,7,8,7,9,5
"2235",5,8,7,7,7,8,7,8,8
"2236",5,8,7,7,7,9,7,8,9
"2237",5,8,7,7,7,8,7,8,8
"2238",5,6,5,4,5,5,5,6,5
"2239",5,8,7,7,9,9,9,8,8
"2240",9,8,9,7,9,9,9,8,8
"2241",5,8,7,7,9,9,9,8,8
"2242",5,9,8,4,5,5,7,6,5
"2243",5,9,7,4,5,5,7,6,5
"2244",8,9,8,4,5,5,8,6,5
"2245",8,9,8,4,5,5,8,6,5
"2246",5,8,7,7,7,9,7,8,8
"2247",9,8,9,7,9,9,9,8,8
"2248",9,8,9,9,9,9,9,8,8
"2249",5,9,7,4,5,8,7,9,5
"2250",5,9,7,4,5,8,7,9,5
"2251",9,8,9,9,9,9,9,8,8
"2252",8,9,8,4,5,5,8,6,5
"2253",5,8,7,7,9,9,9,8,8
"2254",8,9,8,4,5,5,8,6,5
"2255",5,8,7,7,7,9,9,8,8
"2256",9,8,9,9,9,9,9,8,8
"2257",9,8,9,9,9,9,9,8,8
"2258",5,8,7,7,7,9,9,8,8
"2259",5,9,7,7,7,8,7,9,9
"2260",5,9,7,4,5,5,7,9,5
"2261",5,9,7,4,5,8,7,9,5
"2262",9,8,9,9,9,9,9,8,8
"2263",9,8,9,7,9,9,9,8,8
"2264",5,9,7,7,7,8,7,9,9
"2265",9,8,9,9,9,9,9,8,8
"2266",9,8,9,7,9,9,9,8,8
"2267",5,9,7,7,7,8,7,9,9
"2268",5,9,7,7,7,8,7,9,9
"2269",8,9,8,4,5,5,8,6,5
"2270",9,8,9,9,9,9,9,8,8
"2271",8,9,8,4,5,5,8,6,5
"2272",8,9,7,4,5,8,8,9,5
"2273",8,9,8,4,5,5,8,6,5
"2274",9,8,9,7,9,9,9,8,8
"2275",7,7,8,8,8,7,8,7,7
"2276",7,7,8,8,8,7,8,7,7
"2277",8,9,8,4,5,5,8,6,5
"2278",8,9,8,4,5,5,8,6,5
"2279",8,9,8,4,5,5,8,6,5
"2280",9,8,9,9,9,9,9,8,8
"2281",5,8,7,7,7,8,7,6,5
"2282",5,6,7,4,7,5,7,6,5
"2283",8,9,8,4,5,5,8,6,5
"2284",9,8,9,9,9,9,9,8,8
"2285",5,9,7,4,5,8,7,9,9
"2286",5,8,7,7,7,9,9,8,8
"2287",5,8,7,7,7,8,7,8,8
"2288",9,8,9,7,9,9,9,8,8
"2289",9,8,9,7,9,9,9,8,8
"2290",9,8,9,9,9,9,9,8,8
"2291",5,9,7,4,5,8,7,9,5
"2292",5,9,7,4,5,5,7,9,5
"2293",5,8,7,7,7,9,9,8,8
"2294",5,8,7,7,9,9,9,8,8
"2295",9,8,9,9,9,9,9,8,8
"2296",5,8,7,7,9,9,9,8,8
"2297",5,6,5,4,5,5,5,6,5
"2298",9,8,9,9,9,9,9,8,8
"2299",9,8,9,9,9,9,9,8,8
"2300",5,8,7,7,7,9,7,8,8
"2301",9,8,9,9,9,9,9,8,8
"2302",7,7,8,8,8,7,8,7,7
"2303",5,8,7,7,9,9,9,8,8
"2304",5,8,7,7,7,8,7,8,8
"2305",5,8,7,7,7,8,7,8,8
"2306",5,9,7,4,5,8,7,9,5
"2307",5,9,7,4,5,5,7,9,5
"2308",5,9,7,4,5,8,7,9,9
"2309",5,8,7,7,7,9,9,8,8
"2310",9,8,9,9,9,9,9,8,8
"2311",9,8,9,9,9,9,9,8,8
"2312",5,8,7,7,7,9,7,8,9
"2313",5,9,7,7,7,8,7,9,9
"2314",5,9,7,7,7,8,7,9,9
"2315",5,8,7,7,9,9,9,8,8
"2316",9,8,9,7,9,9,9,8,8
"2317",5,8,7,7,7,9,7,8,9
"2318",5,9,7,4,5,8,7,9,5
"2319",5,9,7,4,5,8,7,9,9
"2320",5,8,7,7,7,9,7,8,9
"2321",9,8,9,9,9,9,9,8,8
"2322",5,8,7,7,9,9,9,8,8
"2323",8,9,8,4,5,5,8,6,5
"2324",5,8,7,7,7,9,7,8,9
"2325",9,8,9,9,9,9,9,8,8
"2326",5,6,5,4,7,5,7,6,5
"2327",5,9,7,7,7,8,7,6,5
"2328",5,8,7,7,7,9,7,8,8
"2329",9,8,9,9,9,9,9,8,8
"2330",9,8,9,9,9,9,9,8,8
"2331",9,8,9,7,9,9,9,8,8
"2332",9,8,9,7,9,9,9,8,8
"2333",8,9,8,4,5,5,8,6,5
"2334",9,8,9,9,9,9,9,8,8
"2335",9,8,9,9,9,9,9,8,8
"2336",9,8,9,7,9,9,9,8,8
"2337",5,6,5,4,5,5,5,6,5
"2338",9,8,9,9,9,9,9,8,8
"2339",9,8,9,7,9,9,9,8,8
"2340",9,8,7,7,9,9,9,8,8
"2341",5,6,7,4,7,5,7,6,5
"2342",5,9,7,4,5,8,7,9,9
"2343",9,8,9,9,9,9,9,8,8
"2344",5,8,7,7,7,8,7,8,8
"2345",9,8,9,7,9,9,9,8,8
"2346",5,9,7,4,7,8,7,9,5
"2347",5,8,7,7,7,8,7,8,8
"2348",9,8,9,9,9,9,9,8,8
"2349",9,8,9,7,9,9,9,8,8
"2350",9,8,9,9,9,9,9,8,8
"2351",5,8,7,7,7,8,7,9,9
"2352",5,8,7,7,7,8,7,9,9
"2353",8,9,7,4,5,8,8,9,5
"2354",8,9,7,4,5,8,8,9,5
"2355",5,9,7,4,5,5,7,9,5
"2356",9,8,9,9,9,9,9,8,8
"2357",9,8,9,9,9,9,9,8,8
"2358",5,8,9,7,9,9,9,8,8
"2359",9,8,9,7,9,9,9,8,8
"2360",8,9,8,4,5,5,8,6,5
"2361",5,9,7,4,5,8,7,9,5
"2362",5,9,7,4,7,8,7,9,5
"2363",9,8,9,9,9,9,9,8,8
"2364",5,8,7,7,7,8,7,9,9
"2365",9,8,9,9,9,9,9,8,8
"2366",8,9,8,4,5,5,8,6,5
"2367",5,8,7,7,7,8,7,9,9
"2368",5,9,7,7,7,8,7,9,9
"2369",8,9,8,4,5,5,8,6,5
"2370",5,8,7,7,7,8,7,8,8
"2371",9,8,9,9,9,9,9,8,8
"2372",9,8,9,9,9,9,9,8,8
"2373",8,9,8,4,5,5,8,6,5
"2374",5,8,7,7,7,8,7,9,9
"2375",5,6,5,4,5,5,5,6,5
"2376",5,8,7,7,7,8,7,8,8
"2377",5,6,7,4,7,5,7,6,5
"2378",8,9,7,4,5,8,8,9,5
"2379",9,8,9,9,9,9,9,8,8
"2380",5,9,7,7,7,8,7,9,9
"2381",5,9,7,7,7,8,7,9,9
"2382",5,9,7,4,5,5,7,6,5
"2383",5,9,7,7,7,8,7,9,9
"2384",5,9,7,4,5,5,7,9,5
"2385",5,9,7,7,7,8,7,9,9
"2386",7,7,8,8,8,7,8,6,5
"2387",9,8,9,9,9,9,9,8,8
"2388",8,9,8,4,5,5,8,6,5
"2389",9,8,9,7,9,9,9,8,8
"2390",9,8,9,9,9,9,9,8,8
"2391",5,9,7,4,5,8,7,9,5
"2392",9,8,9,9,9,9,9,8,8
"2393",5,9,7,4,5,5,7,9,5
"2394",5,9,7,4,5,5,7,9,5
"2395",8,9,8,4,5,5,8,6,5
"2396",8,9,8,4,5,5,8,6,5
"2397",9,8,9,9,9,9,9,8,8
"2398",8,9,8,4,5,5,8,6,5
"2399",8,9,8,4,5,5,8,6,5
"2400",8,9,8,4,5,5,8,6,5
"2401",8,9,8,4,5,5,8,6,5
"2402",8,9,8,4,5,5,8,6,5
"2403",8,9,8,4,5,5,8,6,5
"2404",8,9,8,4,5,5,8,6,5
"2405",8,9,8,4,5,5,8,6,5
"2406",8,9,8,4,5,5,8,6,5
"2407",8,9,8,4,5,5,8,6,5
"2408",9,8,9,9,9,9,9,8,8
"2409",8,9,8,4,5,5,8,6,5
"2410",8,9,8,4,5,5,8,6,5
"2411",8,9,8,4,5,5,8,6,5
"2412",8,9,8,4,5,5,8,6,5
"2413",8,9,8,4,5,5,8,6,5
"2414",8,9,8,4,5,5,8,6,5
"2415",8,9,8,4,5,5,8,6,5
"2416",7,7,8,8,8,7,8,6,5
"2417",8,9,8,4,5,5,8,6,5
"2418",8,9,8,4,5,5,8,6,5
"2419",8,9,8,4,5,5,8,6,5
"2420",8,9,8,4,5,5,8,6,5
"2421",8,9,8,4,5,5,8,6,5
"2422",8,9,8,4,5,5,8,6,5
"2423",8,9,8,4,5,5,8,6,5
"2424",8,9,8,4,5,5,8,6,5
"2425",8,9,8,4,5,5,8,6,5
"2426",8,9,8,4,5,5,8,6,5
"2427",5,8,7,7,7,8,7,8,8
"2428",8,9,8,4,5,5,8,6,5
"2429",8,9,8,4,5,5,8,6,5
"2430",9,8,9,9,9,9,9,8,8
"2431",8,9,8,4,5,5,8,6,5
"2432",8,9,8,4,5,5,8,6,5
"2433",8,9,8,4,5,5,8,6,5
"2434",8,9,8,4,5,5,8,6,5
"2435",8,9,8,4,5,5,8,6,5
"2436",8,9,8,4,5,5,8,6,5
"2437",8,9,8,4,5,5,8,6,5
"2438",8,9,8,4,5,5,8,6,5
"2439",8,9,8,4,5,5,8,6,5
"2440",8,9,8,4,5,5,8,6,5
"2441",8,9,8,4,5,5,8,6,5
"2442",8,9,8,4,5,5,8,6,5
"2443",8,9,8,4,5,5,8,6,5
"2444",8,9,8,4,5,5,8,6,5
"2445",8,9,8,4,5,5,8,6,5
"2446",9,8,9,7,9,9,9,8,8
"2447",6,6,8,8,8,5,8,6,5
"2448",7,7,6,6,6,7,6,7,7
"2449",7,7,8,6,6,7,8,7,7
"2450",7,7,6,6,6,7,6,7,7
"2451",7,7,6,6,6,7,6,7,7
"2452",7,7,6,6,6,7,6,7,7
"2453",7,7,6,6,6,7,6,7,7
"2454",7,7,6,6,6,7,6,7,7
"2455",7,7,8,6,6,7,8,7,7
"2456",7,7,6,6,6,7,6,7,7
"2457",7,7,6,6,6,7,6,7,7
"2458",7,7,6,6,6,7,6,7,7
"2459",7,7,6,6,6,7,6,7,7
"2460",7,7,6,6,6,7,6,7,7
"2461",7,7,6,6,6,7,6,7,7
"2462",7,7,6,6,6,7,6,7,7
"2463",7,7,6,6,6,7,6,7,7
"2464",7,7,6,6,6,7,6,7,7
"2465",7,7,6,6,6,7,6,7,7
"2466",7,7,6,6,6,7,6,7,7
"2467",7,7,6,6,6,7,6,7,7
"2468",7,7,6,6,6,7,6,7,7
"2469",8,9,8,4,5,5,8,6,5
"2470",6,6,5,4,5,5,8,6,5
"2471",7,7,6,6,6,7,6,7,7
"2472",7,7,6,6,6,7,6,7,7
"2473",7,7,6,6,6,7,6,7,7
"2474",7,7,6,6,6,7,6,7,7
"2475",6,5,3,5,4,6,4,5,6
"2476",7,7,6,6,6,7,6,7,7
"2477",7,7,6,6,6,7,6,7,7
"2478",7,7,6,6,6,7,6,7,7
"2479",7,7,6,6,6,7,6,7,7
"2480",7,7,6,6,6,7,6,7,7
"2481",7,7,6,6,6,7,6,7,7
"2482",7,7,6,6,6,7,6,7,7
"2483",7,7,6,6,6,7,6,7,7
"2484",6,5,3,5,4,6,4,5,6
"2485",7,7,6,6,6,7,6,7,7
"2486",7,7,6,6,6,7,6,7,7
"2487",7,7,6,6,6,7,6,7,7
"2488",7,7,6,6,6,7,6,7,7
"2489",7,7,6,6,6,7,6,7,7
"2490",7,7,6,6,6,7,6,7,7
"2491",7,7,6,6,6,7,6,7,7
"2492",7,7,6,6,6,7,6,7,7
"2493",7,7,6,6,6,7,6,7,7
"2494",6,5,3,5,4,6,4,5,6
"2495",6,5,3,5,4,6,4,5,6
"2496",7,7,6,6,6,7,6,7,7
"2497",7,7,6,6,6,7,6,7,7
"2498",7,7,6,6,6,7,6,7,7
"2499",7,7,6,6,6,7,6,7,7
"2500",7,7,6,6,6,7,6,7,7
"2501",7,7,6,6,6,7,6,7,7
"2502",7,7,6,6,6,7,6,7,7
"2503",7,7,6,6,6,7,6,7,7
"2504",7,7,6,6,6,7,6,7,7
"2505",7,7,6,6,6,7,6,7,7
"2506",7,7,6,6,6,7,6,7,7
"2507",7,7,6,6,6,7,6,7,7
"2508",7,7,6,6,6,7,6,7,7
"2509",7,7,6,6,6,7,6,7,7
"2510",7,7,6,6,6,7,6,7,7
"2511",7,7,6,6,6,7,6,7,7
"2512",6,5,3,5,4,6,4,5,6
"2513",7,7,6,6,6,7,6,7,7
"2514",8,9,8,4,5,5,8,6,5
"2515",7,7,6,6,6,7,6,7,7
"2516",7,7,6,6,6,7,6,7,7
"2517",7,7,6,6,6,7,6,7,7
"2518",6,5,3,5,4,6,4,5,6
"2519",7,7,6,6,6,7,6,7,7
"2520",7,7,6,6,6,7,6,7,7
"2521",7,7,6,6,6,7,6,7,7
"2522",2,3,2,1,2,2,2,1,1
"2523",7,7,6,6,6,7,6,7,7
"2524",7,7,6,6,6,7,6,7,7
"2525",7,7,6,6,6,7,6,7,7
"2526",2,3,2,1,2,2,2,1,1
"2527",7,7,6,6,6,7,6,7,7
"2528",6,5,3,5,4,6,4,5,6
"2529",7,7,6,6,6,7,6,7,7
"2530",7,7,6,6,6,7,6,7,7
"2531",7,7,6,6,6,7,6,7,7
"2532",7,7,6,6,6,7,6,7,7
"2533",7,7,6,6,6,7,6,7,7
"2534",7,7,6,6,6,7,6,7,7
"2535",6,5,3,5,4,6,4,5,6
"2536",7,7,6,6,6,7,6,7,7
"2537",7,7,6,6,6,7,6,7,7
"2538",7,7,6,6,6,7,6,7,7
"2539",7,7,6,6,6,7,6,7,7
"2540",6,6,5,4,5,5,8,6,5
"2541",7,7,6,6,6,7,6,7,7
"2542",7,7,6,6,6,7,6,7,7
"2543",7,7,6,6,6,7,6,7,7
"2544",7,7,6,6,6,7,6,7,7
"2545",7,7,6,6,6,7,6,7,7
"2546",7,7,8,8,8,7,8,7,7
"2547",7,7,8,6,6,7,8,7,7
"2548",7,7,8,8,8,7,8,6,5
"2549",7,7,8,6,6,7,8,7,7
"2550",7,7,8,8,8,7,8,6,5
"2551",7,7,8,8,8,7,8,6,5
"2552",7,7,8,8,8,7,8,6,5
"2553",7,7,8,8,8,7,8,6,5
"2554",7,7,8,8,8,7,8,6,5
"2555",7,7,8,6,6,7,8,7,7
"2556",7,7,8,8,8,7,8,6,5
"2557",7,7,8,8,8,7,8,6,5
"2558",7,7,8,8,8,7,8,6,5
"2559",7,7,8,6,8,7,8,7,7
"2560",7,7,8,8,8,7,8,7,7
"2561",7,7,8,6,8,7,8,7,7
"2562",7,7,8,8,8,7,8,7,7
"2563",7,7,8,6,8,7,8,7,7
"2564",7,7,8,6,8,7,8,7,7
"2565",7,7,8,6,6,7,8,7,7
"2566",7,7,8,6,8,7,8,7,7
"2567",6,5,3,5,4,6,4,5,6
"2568",7,7,8,6,8,7,8,7,7
"2569",2,3,2,1,2,2,2,1,1
"2570",6,5,3,5,4,6,4,5,6
"2571",7,7,8,6,6,7,8,7,7
"2572",7,7,8,6,8,7,8,7,7
"2573",7,7,8,8,8,7,8,7,7
"2574",7,7,6,6,6,7,6,7,7
"2575",7,7,8,6,6,7,8,7,7
"2576",7,7,8,6,6,7,8,7,7
"2577",7,7,8,6,6,7,8,7,7
"2578",7,7,8,6,6,7,8,7,7
"2579",7,7,8,6,6,7,8,7,7
"2580",7,7,8,6,6,7,8,7,7
"2581",7,7,8,6,6,7,8,7,7
"2582",7,7,8,6,6,7,8,7,7
"2583",7,7,8,6,6,7,8,7,7
"2584",7,7,8,8,8,7,8,7,7
"2585",7,7,8,6,6,7,8,7,7
"2586",7,7,8,6,6,7,8,7,7
"2587",7,7,8,6,6,7,8,7,7
"2588",7,7,8,6,6,7,8,7,7
"2589",7,7,8,6,6,7,8,7,7
"2590",7,7,8,8,8,7,8,7,7
"2591",7,7,8,6,6,7,8,7,7
"2592",7,7,8,8,8,7,8,7,7
"2593",7,7,8,6,6,7,8,7,7
"2594",7,7,8,6,6,7,8,7,7
"2595",7,7,8,6,6,7,8,7,7
"2596",7,7,8,6,6,7,8,7,7
"2597",7,7,8,6,6,7,8,7,7
"2598",7,7,8,6,6,7,8,7,7
"2599",7,7,8,6,6,7,8,7,7
"2600",7,7,8,6,8,7,8,7,7
"2601",7,7,8,6,6,7,8,7,7
"2602",7,7,8,6,6,7,8,7,7
"2603",7,7,8,6,6,7,8,7,7
"2604",7,7,8,6,6,7,8,7,7
"2605",6,5,3,5,4,6,4,5,6
"2606",7,7,8,6,6,7,8,7,7
"2607",6,5,3,5,4,6,4,5,6
"2608",7,7,8,6,6,7,8,7,7
"2609",7,7,8,6,6,7,8,7,7
"2610",7,7,8,6,6,7,8,7,7
"2611",6,5,3,5,4,6,4,5,6
"2612",7,7,8,6,6,7,8,7,7
"2613",7,7,8,6,6,7,8,7,7
"2614",7,7,8,6,6,7,8,7,7
"2615",7,7,8,6,6,7,8,7,7
"2616",6,5,3,5,4,6,4,5,6
"2617",7,7,8,6,6,7,8,7,7
"2618",7,7,8,6,6,7,8,7,7
"2619",7,7,8,6,6,7,8,7,7
"2620",7,7,8,6,6,7,8,7,7
"2621",7,7,8,6,6,7,8,7,7
"2622",7,7,8,6,6,7,8,7,7
"2623",7,7,8,6,6,7,8,7,7
"2624",7,7,8,6,6,7,8,7,7
"2625",7,7,8,6,6,7,8,7,7
"2626",7,7,8,8,8,7,8,7,7
"2627",7,7,8,6,6,7,8,7,7
"2628",7,7,6,6,6,7,6,7,7
"2629",7,7,8,8,8,7,8,7,7
"2630",7,7,8,6,6,7,8,7,7
"2631",7,7,8,6,8,7,8,7,7
"2632",7,7,8,6,6,7,8,7,7
"2633",7,7,8,6,6,7,8,7,7
"2634",7,7,8,6,6,7,8,7,7
"2635",7,7,8,8,8,7,8,7,7
"2636",7,7,8,6,8,7,8,7,7
"2637",7,7,8,6,6,7,8,7,7
"2638",7,7,8,6,6,7,8,7,7
"2639",7,7,8,6,6,7,8,7,7
"2640",7,7,8,8,8,7,8,7,7
"2641",7,7,8,8,8,7,8,7,7
"2642",7,7,8,6,6,7,8,7,7
"2643",7,7,8,6,6,7,8,7,7
"2644",7,7,8,8,8,7,8,7,7
"2645",6,5,3,5,4,6,4,5,6
"2646",7,7,8,6,8,7,8,7,7
"2647",6,5,3,5,4,6,4,5,6
"2648",7,7,8,6,8,7,8,7,7
"2649",2,3,2,1,2,2,2,1,1
"2650",7,7,8,6,6,7,8,7,7
"2651",6,5,3,5,4,6,4,5,6
"2652",6,5,3,5,4,6,4,5,6
"2653",7,7,8,6,6,7,8,7,7
"2654",3,5,3,3,4,3,4,3,3
"2655",6,5,3,5,4,6,4,5,6
"2656",6,5,3,5,4,6,4,5,6
"2657",6,5,3,5,4,6,4,5,6
"2658",6,5,3,5,4,6,4,5,6
"2659",6,5,3,5,4,6,4,5,6
"2660",6,5,3,5,4,6,4,5,6
"2661",7,7,8,6,6,7,8,7,7
"2662",7,7,8,6,6,7,8,7,7
"2663",7,7,8,6,6,7,8,7,7
"2664",7,7,8,6,6,7,8,7,7
"2665",7,7,8,6,6,7,8,7,7
"2666",7,7,8,6,6,7,8,7,7
"2667",6,5,3,5,4,6,4,5,6
"2668",7,7,8,6,6,7,8,7,7
"2669",7,7,8,6,6,7,8,7,7
"2670",7,7,8,6,6,7,8,7,7
"2671",7,7,8,6,6,7,8,7,7
"2672",7,7,8,6,6,7,8,7,7
"2673",7,7,8,6,6,7,8,7,7
"2674",6,5,3,5,4,6,4,5,6
"2675",6,5,3,5,4,6,4,5,6
"2676",7,7,8,6,6,7,8,7,7
"2677",7,7,8,8,8,7,8,7,7
"2678",7,7,8,8,8,7,8,7,7
"2679",7,7,8,6,6,7,8,7,7
"2680",7,7,8,6,6,7,8,7,7
"2681",7,7,8,6,6,7,8,7,7
"2682",7,7,8,6,6,7,8,7,7
"2683",7,7,8,6,6,7,8,7,7
"2684",7,7,8,6,6,7,8,7,7
"2685",7,7,8,6,6,7,8,7,7
"2686",7,7,8,6,6,7,8,7,7
"2687",7,7,8,6,6,7,8,7,7
"2688",7,7,8,6,6,7,8,7,7
"2689",7,7,8,6,6,7,8,7,7
"2690",7,7,8,8,8,7,8,6,5
"2691",7,7,8,6,6,7,8,7,7
"2692",7,7,8,6,6,7,8,7,7
"2693",7,7,8,6,6,7,8,7,7
"2694",7,7,8,6,6,7,8,7,7
"2695",6,5,3,5,4,6,4,5,6
"2696",7,7,8,8,8,7,8,7,7
"2697",6,5,3,5,4,6,4,5,6
"2698",7,7,8,6,6,7,8,7,7
"2699",7,7,8,6,6,7,8,7,7
"2700",7,7,8,8,8,7,8,7,7
"2701",7,7,8,6,6,7,8,7,7
"2702",6,5,3,5,4,6,4,5,6
"2703",7,7,6,6,6,7,6,7,7
"2704",7,7,8,6,8,7,8,7,7
"2705",2,3,2,1,2,2,2,1,1
"2706",5,9,7,7,7,8,7,9,9
"2707",7,7,8,8,8,7,8,7,7
"2708",7,7,8,6,6,7,8,7,7
"2709",7,7,8,6,6,7,8,7,7
"2710",7,7,8,8,8,7,8,7,7
"2711",7,7,8,6,6,7,8,7,7
"2712",6,5,3,5,4,6,4,5,6
"2713",7,7,8,6,6,7,8,7,7
"2714",7,7,8,6,6,7,8,7,7
"2715",7,7,8,6,6,7,8,7,7
"2716",7,7,8,6,6,7,8,7,7
"2717",7,7,8,6,6,7,8,7,7
"2718",7,7,8,8,8,7,8,7,7
"2719",7,7,8,6,6,7,8,7,7
"2720",7,7,8,6,6,7,8,7,7
"2721",7,7,6,6,6,7,6,7,7
"2722",7,7,6,6,6,7,6,7,7
"2723",7,7,6,6,6,7,6,7,7
"2724",7,7,6,6,6,7,6,7,7
"2725",7,7,6,6,6,7,6,7,7
"2726",7,7,6,6,6,7,6,7,7
"2727",7,7,6,6,6,7,6,7,7
"2728",7,7,6,6,6,7,6,7,7
"2729",7,7,6,6,6,7,6,7,7
"2730",7,7,6,6,6,7,6,7,7
"2731",7,7,6,6,6,7,6,7,7
"2732",8,9,8,4,5,5,8,6,5
"2733",7,7,6,6,6,7,6,7,7
"2734",7,7,6,6,6,7,6,7,7
"2735",7,7,6,6,6,7,6,7,7
"2736",7,7,6,6,6,7,6,7,7
"2737",7,7,6,6,6,7,6,7,7
"2738",7,7,6,6,6,7,6,7,7
"2739",7,7,6,6,6,7,6,7,7
"2740",7,7,6,6,6,7,6,7,7
"2741",7,7,6,6,6,7,6,7,7
"2742",7,7,6,6,6,7,6,7,7
"2743",7,7,6,6,6,7,6,7,7
"2744",7,7,6,6,6,7,6,7,7
"2745",7,7,6,6,6,7,6,7,7
"2746",7,7,6,6,6,7,6,7,7
"2747",7,7,6,6,6,7,6,7,7
"2748",7,7,6,6,6,7,6,7,7
"2749",7,7,6,6,6,7,6,7,7
"2750",7,7,6,6,6,7,6,7,7
"2751",7,7,6,6,6,7,6,7,7
"2752",7,7,6,6,6,7,6,7,7
"2753",7,7,6,6,6,7,6,7,7
"2754",7,7,6,6,6,7,6,7,7
"2755",7,7,6,6,6,7,6,7,7
"2756",7,7,6,6,6,7,6,7,7
"2757",7,7,6,6,6,7,6,7,7
"2758",7,7,6,6,6,7,6,7,7
"2759",7,7,6,6,6,7,6,7,7
"2760",7,7,6,6,6,7,6,7,7
"2761",7,7,6,6,6,7,6,7,7
"2762",7,7,6,6,6,7,6,7,7
"2763",7,7,6,6,6,7,6,7,7
"2764",7,7,6,6,6,7,6,7,7
"2765",7,7,6,6,6,7,6,7,7
"2766",7,7,6,6,6,7,6,7,7
"2767",7,7,6,6,6,7,6,7,7
"2768",7,7,6,6,6,7,6,7,7
"2769",7,7,6,6,6,7,6,7,7
"2770",7,7,6,6,6,7,6,7,7
"2771",7,7,6,6,6,7,6,7,7
"2772",7,7,6,6,6,7,6,7,7
"2773",7,7,6,6,6,7,6,7,7
"2774",7,7,6,6,6,7,6,7,7
"2775",7,7,6,6,6,7,6,7,7
"2776",7,7,6,6,6,7,6,7,7
"2777",7,7,6,6,6,7,6,7,7
"2778",7,7,6,6,6,7,6,7,7
"2779",7,7,6,6,6,7,6,7,7
"2780",7,7,6,6,6,7,6,7,7
"2781",6,5,3,5,4,6,4,5,6
"2782",7,7,6,6,6,7,6,7,7
"2783",7,7,8,8,8,7,8,7,7
"2784",7,7,6,6,6,7,6,7,7
"2785",7,7,6,6,6,7,6,7,7
"2786",7,7,6,6,6,7,6,7,7
"2787",7,7,6,6,6,7,6,7,7
"2788",7,7,6,6,6,7,6,7,7
"2789",7,7,6,6,6,7,6,7,7
"2790",7,7,6,6,6,7,6,7,7
"2791",7,7,6,6,6,7,6,7,7
"2792",7,7,6,6,6,7,6,7,7
"2793",7,7,6,6,6,7,6,7,7
"2794",7,7,6,6,6,7,6,7,7
"2795",7,7,6,6,6,7,6,7,7
"2796",7,7,6,6,6,7,6,7,7
"2797",7,7,6,6,6,7,6,7,7
"2798",7,7,6,6,6,7,6,7,7
"2799",7,7,6,6,6,7,6,7,7
"2800",5,8,7,7,7,9,7,8,9
"2801",7,7,6,6,6,7,6,7,7
"2802",7,7,6,6,6,7,6,7,7
"2803",7,7,6,6,6,7,6,7,7
"2804",7,7,6,6,6,7,6,7,7
"2805",7,7,6,6,6,7,6,7,7
"2806",5,8,7,7,7,9,7,8,9
"2807",7,7,6,6,6,7,6,7,7
"2808",7,7,6,6,6,7,6,7,7
"2809",7,7,6,6,6,7,6,7,7
"2810",7,7,6,6,6,7,6,7,7
"2811",7,7,6,6,6,7,6,7,7
"2812",7,7,6,6,6,7,6,7,7
"2813",7,7,6,6,6,7,6,7,7
"2814",5,8,7,7,7,9,7,8,9
"2815",7,7,6,6,6,7,6,7,7
"2816",7,7,6,6,6,7,6,7,7
"2817",7,7,6,6,6,7,6,7,7
"2818",6,5,3,5,4,6,4,5,6
"2819",7,7,6,6,6,7,6,7,7
"2820",5,8,7,7,7,8,7,9,9
"2821",7,7,6,6,6,7,6,7,7
"2822",7,7,6,6,6,7,6,7,7
"2823",7,7,6,6,6,7,6,7,7
"2824",7,7,6,6,6,7,6,7,7
"2825",7,7,6,6,6,7,6,7,7
"2826",7,7,6,6,6,7,6,7,7
"2827",6,5,3,5,4,6,4,5,6
"2828",5,8,7,7,7,8,7,9,9
"2829",7,7,6,6,6,7,6,7,7
"2830",7,7,6,6,6,7,6,7,7
"2831",7,7,6,6,6,7,6,7,7
"2832",7,7,6,6,6,7,6,7,7
"2833",7,7,6,6,6,7,6,7,7
"2834",7,7,6,6,6,7,6,7,7
"2835",7,7,6,6,6,7,6,7,7
"2836",7,7,6,6,6,7,6,7,7
"2837",7,7,6,6,6,7,6,7,7
"2838",7,7,6,6,6,7,6,7,7
"2839",5,9,7,4,5,8,8,9,5
"2840",7,7,6,6,6,7,6,7,7
"2841",7,7,6,6,6,7,6,7,7
"2842",7,7,6,6,6,7,6,7,7
"2843",7,7,6,6,6,7,6,7,7
"2844",7,7,6,6,6,7,6,7,7
"2845",7,7,6,6,6,7,6,7,7
"2846",7,7,6,6,6,7,6,7,7
"2847",7,7,6,6,6,7,6,7,7
"2848",8,9,8,4,5,5,8,6,5
"2849",7,7,6,6,6,7,6,7,7
"2850",7,7,6,6,6,7,6,7,7
"2851",7,7,6,6,6,7,6,7,7
"2852",7,7,6,6,6,7,6,7,7
"2853",7,7,6,6,6,7,6,7,7
"2854",7,7,8,6,6,7,8,7,7
"2855",7,7,6,6,6,7,6,7,7
"2856",7,7,6,6,6,7,6,7,7
"2857",7,7,6,6,6,7,6,7,7
"2858",7,7,6,6,6,7,6,7,7
"2859",7,7,6,6,6,7,6,7,7
"2860",6,5,3,5,4,6,4,5,6
"2861",7,7,6,6,6,7,6,7,7
"2862",7,7,6,6,6,7,6,7,7
"2863",7,7,6,6,6,7,6,7,7
"2864",6,5,3,5,4,6,4,5,6
"2865",7,7,6,6,6,7,6,7,7
"2866",7,7,6,6,6,7,6,7,7
"2867",7,7,6,6,6,7,6,7,7
"2868",7,7,6,6,6,7,6,7,7
"2869",7,7,6,6,6,7,6,7,7
"2870",7,7,6,6,6,7,6,7,7
"2871",7,7,6,6,6,7,6,7,7
"2872",7,7,6,6,6,7,6,7,7
"2873",7,7,6,6,6,7,6,7,7
"2874",7,7,6,6,6,7,6,7,7
"2875",7,7,6,6,6,7,6,7,7
"2876",7,7,6,6,6,7,6,7,7
"2877",7,7,6,6,6,7,6,7,7
"2878",7,7,6,6,6,7,6,7,7
"2879",7,7,6,6,6,7,6,7,7
"2880",7,7,6,6,6,7,6,7,7
"2881",7,7,6,6,6,7,6,7,7
"2882",7,7,6,6,6,7,6,7,7
"2883",7,7,6,6,6,7,6,7,7
"2884",6,5,3,5,4,6,4,5,6
"2885",7,7,8,8,8,7,8,7,7
"2886",7,7,6,6,6,7,6,7,7
"2887",7,7,8,8,8,7,8,7,7
"2888",7,7,8,8,8,7,8,7,7
"2889",7,7,6,6,6,7,6,7,7
"2890",7,7,6,6,6,7,6,7,7
"2891",7,7,8,6,6,7,8,7,7
"2892",7,7,6,6,6,7,6,7,7
"2893",7,7,6,6,6,7,6,7,7
"2894",6,5,3,5,4,6,4,5,6
"2895",2,3,2,1,2,2,2,1,1
"2896",7,7,6,6,6,7,6,7,7
"2897",6,5,3,5,4,6,4,5,6
"2898",7,7,6,6,6,7,6,7,7
"2899",7,7,6,6,6,7,6,7,7
"2900",6,5,3,5,4,6,4,5,6
"2901",7,7,6,6,6,7,6,7,7
"2902",6,5,3,5,4,6,4,5,6
"2903",7,7,6,6,6,7,6,7,7
"2904",8,9,8,4,5,5,8,6,5
"2905",7,7,6,6,6,7,6,7,7
"2906",7,7,6,6,6,7,6,7,7
"2907",6,5,3,5,4,6,4,5,6
"2908",7,7,6,6,6,7,6,7,7
"2909",7,7,6,6,6,7,6,7,7
"2910",7,7,6,6,6,7,6,7,7
"2911",7,7,6,6,6,7,6,7,7
"2912",6,5,3,5,4,6,4,5,6
"2913",2,3,2,1,2,2,2,1,1
"2914",7,7,6,6,6,7,6,7,7
"2915",5,9,7,4,5,8,8,9,5
"2916",6,5,3,5,4,6,4,5,6
"2917",7,7,6,6,6,7,6,7,7
"2918",6,5,3,5,4,6,4,5,6
"2919",6,5,3,5,4,6,4,5,6
"2920",6,5,3,5,4,6,4,5,6
"2921",6,5,3,5,4,6,4,5,6
"2922",6,5,3,5,4,6,4,5,6
"2923",6,5,3,5,4,6,4,5,6
"2924",6,5,3,5,4,6,4,5,6
"2925",6,5,3,5,4,6,4,5,6
"2926",6,5,3,5,4,6,4,5,6
"2927",6,5,3,5,4,6,4,5,6
"2928",6,5,3,5,4,6,4,5,6
"2929",7,7,6,6,6,7,6,7,7
"2930",3,5,3,3,4,3,4,5,3
"2931",6,5,3,5,4,6,4,5,6
"2932",6,5,3,5,4,6,4,5,6
"2933",6,5,3,5,4,6,4,5,6
"2934",6,5,3,5,4,6,4,5,6
"2935",7,7,8,8,8,7,8,7,7
"2936",6,6,5,4,5,5,8,6,5
"2937",6,6,5,4,5,5,8,6,5
"2938",6,6,5,4,5,5,8,6,5
"2939",6,5,3,5,4,6,4,5,6
"2940",5,9,7,4,5,8,7,9,5
"2941",5,9,7,4,5,8,7,9,5
"2942",7,7,6,6,6,7,6,7,7
"2943",7,7,8,8,8,7,8,7,7
"2944",2,3,2,1,2,2,2,1,1
"2945",7,7,8,8,8,7,8,7,7
"2946",7,7,8,8,8,7,8,7,7
"2947",7,7,8,8,8,7,8,7,7
"2948",7,7,8,8,8,7,8,7,7
"2949",7,7,8,8,8,7,8,7,7
"2950",7,7,8,8,8,7,8,7,7
"2951",7,7,8,8,8,7,8,7,7
"2952",7,7,8,8,8,7,8,7,7
"2953",7,7,8,8,8,7,8,7,7
"2954",7,7,8,8,8,7,8,7,7
"2955",7,7,8,8,8,7,8,7,7
"2956",7,7,8,8,8,7,8,7,7
"2957",7,7,8,8,8,7,8,7,7
"2958",7,7,8,8,8,7,8,7,7
"2959",9,8,9,9,9,9,9,8,8
"2960",7,7,8,8,8,7,8,7,7
"2961",7,7,8,8,8,7,8,7,7
"2962",7,7,8,8,8,7,8,7,7
"2963",7,7,8,8,8,7,8,7,7
"2964",7,7,6,6,6,7,6,7,7
"2965",7,7,8,8,8,7,8,7,7
"2966",7,7,8,8,8,7,8,7,7
"2967",7,7,8,8,8,7,8,7,7
"2968",7,7,8,8,8,7,8,7,7
"2969",7,7,8,8,8,7,8,7,7
"2970",7,7,8,8,8,7,8,7,7
"2971",7,7,8,8,8,7,8,7,7
"2972",7,7,8,8,8,7,8,7,7
"2973",7,7,8,8,8,7,8,7,7
"2974",7,7,8,8,8,7,8,7,7
"2975",7,7,8,8,8,7,8,7,7
"2976",7,7,8,8,8,7,8,7,7
"2977",7,7,6,6,6,7,6,7,7
"2978",7,7,8,8,8,7,8,7,7
"2979",7,7,8,8,8,7,8,7,7
"2980",7,7,8,8,8,7,8,7,7
"2981",7,7,8,8,8,7,8,7,7
"2982",7,7,8,8,8,7,8,7,7
"2983",7,7,8,8,8,7,8,7,7
"2984",7,7,8,8,8,7,8,7,7
"2985",7,7,8,8,8,7,8,7,7
"2986",7,7,6,6,6,7,6,7,7
"2987",7,7,8,8,8,7,8,7,7
"2988",7,7,8,8,8,7,8,7,7
"2989",7,7,8,8,8,7,8,7,7
"2990",7,7,8,8,8,7,8,7,7
"2991",7,7,8,8,8,7,8,7,7
"2992",2,3,1,1,2,2,1,1,1
"2993",7,7,8,8,8,7,8,7,7
"2994",2,3,2,1,2,2,2,1,1
"2995",6,5,3,5,4,6,4,5,6
"2996",6,5,3,5,4,6,4,5,6
"2997",1,1,1,1,1,1,1,1,1
"2998",1,1,1,1,1,1,1,1,1
"2999",6,5,3,5,4,6,4,5,6
"3000",7,7,8,6,8,7,8,7,7
"3001",7,7,8,6,8,7,8,7,7
"3002",6,5,3,5,4,6,4,5,6
"3003",7,7,6,6,6,7,6,7,7
"3004",7,7,8,8,8,7,8,6,5
